date,symbol,open,high,low,close,volume,turnover,trades
2025-03-18,ACLBSL,1115.0,1137.3,1088.1,1110.0,2129,2379177.1,44
2025-03-18,ADBL,295.8,295.8,285.0,289.6,19349,5621101.9,184
2025-03-18,AHL,692.0,719.0,692.0,707.1,6479,4576689.8,91
2025-03-18,AHPC,262.9,263.4,259.0,260.1,94210,24597649.0,341
2025-03-18,AKJCL,207.0,211.5,206.5,208.5,129222,26927057.3,403
2025-03-18,AKPL,237.0,237.0,229.4,232.5,92092,21427705.9,371
2025-03-18,ALBSL,868.0,884.0,849.9,858.0,5388,4619083.8,81
2025-03-18,ALICL,760.0,760.0,732.1,746.0,24107,18099663.3,150
2025-03-18,ANLB,5100.0,5197.9,5000.0,5095.1,1879,9754437.0,18
2025-03-18,API,280.0,282.0,277.0,278.1,104803,29249920.7,445
2025-03-18,AVYAN,1125.0,1125.0,1085.2,1085.4,2392,2612492.5,49
2025-03-18,BARUN,519.0,522.9,506.7,514.2,44326,22906852.2,235
2025-03-18,BBC,5495.0,5540.0,5356.0,5356.0,843,4600002.6,54
2025-03-18,BEDC,835.0,901.0,803.7,884.0,119190,100463246.7,877
2025-03-18,BFC,604.8,604.8,585.1,586.0,10870,6414399.4,129
2025-03-18,BGWT,1040.0,1100.0,1040.0,1069.9,5967,6343052.3,78
2025-03-18,BHDC,618.0,624.0,600.0,607.4,18333,11142119.8,164
2025-03-18,BHL,333.4,345.0,333.4,344.9,5412,1853638.0,96
2025-03-18,BHPL,1044.6,1062.0,1041.0,1062.0,8500,8926623.6,48
2025-03-18,BNHC,516.1,536.5,516.1,528.5,9993,5268354.9,129
2025-03-18,BNT,13390.0,13390.0,13186.0,13211.0,59,783044.0,5
2025-03-18,BPCL,407.1,415.0,397.1,398.0,6239,2496530.2,102
2025-03-18,C30MF,9.22,9.22,9.1,9.1,9367,85337.04000000001,6
2025-03-18,CBBL,865.2,868.0,864.1,864.1,8134,7041057.0,137
2025-03-18,CBLD88,1118.4,1123.4,1118.4,1123.4,50,56045.0,2
2025-03-18,CCBD88,1126.0,1126.0,1126.0,1126.0,25,28150.0,2
2025-03-18,CFCL,566.5,589.5,566.5,578.3,17788,10261094.9,120
2025-03-18,CGH,904.0,904.0,887.0,890.0,14530,12927619.4,156
2025-03-18,CHCL,504.2,507.0,491.2,502.3,53148,26631111.4,323
2025-03-18,CHDC,2201.0,2280.0,2195.2,2269.9,58033,130669693.0,559
2025-03-18,CHL,521.0,527.5,506.0,523.9,22613,11639613.1,128
2025-03-18,CIT,2020.6,2020.6,1950.2,1977.0,6778,13431757.8,190
2025-03-18,CITY,886.0,888.0,875.2,875.2,4279,3771549.3,71
2025-03-18,CIZBD90,1116.0,1120.0,1116.0,1117.0,75,83825.0,3
2025-03-18,CKHL,762.0,762.0,742.0,743.0,2888,2180424.1,53
2025-03-18,CLI,532.0,538.0,529.0,530.3,33849,18011271.4,516
2025-03-18,CORBL,1846.0,1917.5,1846.0,1869.9,8429,15611438.0,91
2025-03-18,CYCL,1603.0,1681.0,1603.0,1630.0,2819,4601799.7,65
2025-03-18,CZBIL,216.2,216.2,208.0,211.0,48853,10295875.2,171
2025-03-18,DDBL,799.0,804.0,790.0,790.0,7960,6328769.1,100
2025-03-18,DHPL,399.9,412.8,399.9,408.0,43668,17690806.6,195
2025-03-18,DLBS,1591.0,1622.0,1576.8,1618.9,2135,3395717.0,59
2025-03-18,DOLTI,685.0,690.0,668.0,670.0,9203,6229272.0,143
2025-03-18,DORDI,402.0,402.0,387.1,388.0,14096,5517605.4,172
2025-03-18,EBL,612.0,614.8,601.0,613.0,17747,10875626.0,145
2025-03-18,EBLD85,1134.0,1134.0,1134.0,1134.0,14,15876.0,1
2025-03-18,EBLD86,1040.0,1040.0,1040.0,1040.0,133,138320.0,5
2025-03-18,EDBL,657.0,697.0,657.0,671.0,18630,12535692.2,137
2025-03-18,EHPL,790.0,794.0,763.0,780.9,4844,3745195.6,51
2025-03-18,ENL,1120.0,1168.0,1115.0,1145.0,1974,2233938.8,54
2025-03-18,FMDBL,789.3,799.0,773.6,789.4,32097,25385566.8,113
2025-03-18,FOWAD,1245.0,1250.0,1200.6,1239.0,3998,4909238.6,75
2025-03-18,GBBD85,1026.1,1029.2,1026.1,1029.2,50,51382.5,2
2025-03-18,GBBL,408.3,408.3,395.0,399.9,20918,8371406.2,140
2025-03-18,GBILD84/85,1178.1,1178.1,1175.0,1175.0,50,58827.5,5
2025-03-18,GBILD86/87,1022.2,1022.2,1022.2,1022.2,25,25555.0,1
2025-03-18,GBIME,226.3,226.3,217.1,221.0,76153,16857183.2,391
2025-03-18,GBIMEP,122.0,122.0,122.0,122.0,37704,4599888.0,1
2025-03-18,GBLBS,838.0,843.9,815.0,824.1,3527,2923235.4,72
2025-03-18,GCIL,559.0,564.6,539.0,554.8,70168,38825957.5,534
2025-03-18,GFCL,707.2,716.9,702.0,704.0,12066,8531123.3,101
2025-03-18,GHL,291.8,311.0,287.1,305.0,768543,227212708.7,1597
2025-03-18,GIBF1,9.72,9.91,9.72,9.74,4200,40884.0,9
2025-03-18,GILB,1285.0,1296.0,1281.0,1284.5,2048,2631868.0,37
2025-03-18,GLBSL,2820.0,2940.0,2803.8,2870.0,2478,7193786.4,105
2025-03-18,GLH,250.0,256.9,250.0,253.0,47251,11963885.4,262
2025-03-18,GMFBS,1745.0,1745.0,1688.0,1688.0,1137,1939275.0,26
2025-03-18,GMFIL,529.9,529.9,503.0,513.0,7675,3959948.5,76
2025-03-18,GMLI,1953.0,1990.0,1952.1,1962.0,40656,79763570.3,1889
2025-03-18,GRDBL,1301.0,1357.9,1301.0,1343.6,24003,31961479.8,162
2025-03-18,GSY,8.97,9.14,8.89,9.1,11329,102314.95,45
2025-03-18,GUFL,612.0,615.0,610.0,614.5,6696,4098235.1,61
2025-03-18,GVL,492.0,514.9,491.0,498.0,7772,3873047.0,130
2025-03-18,H8020,10.05,10.3,10.05,10.21,31850,325671.5,14
2025-03-18,HATHY,1344.0,1353.0,1298.5,1318.0,33899,45011610.1,446
2025-03-18,HBL,241.7,241.7,234.0,237.8,33406,7875812.7,165
2025-03-18,HDHPC,204.9,205.0,201.7,202.1,88357,17935191.5,325
2025-03-18,HDL,1249.0,1251.0,1206.4,1230.0,39895,49235446.1,583
2025-03-18,HEI,629.9,634.9,625.0,629.0,7598,4765969.7,69
2025-03-18,HEIP,375.7,381.0,374.9,381.0,2460,931694.0,9
2025-03-18,HHL,505.0,525.0,502.1,514.0,9256,4779537.6,148
2025-03-18,HIDCL,278.9,278.9,268.6,271.0,121492,33126704.6,451
2025-03-18,HIDCLP,182.0,182.0,178.5,179.0,181107,32646655.5,341
2025-03-18,HLBSL,990.0,994.0,960.4,975.0,2291,2248742.5,41
2025-03-18,HLI,428.0,435.0,427.4,429.0,20858,8970215.0,276
2025-03-18,HPPL,587.0,633.0,577.0,633.0,113172,66472633.4,392
2025-03-18,HRL,984.0,1007.9,976.0,986.0,323111,321117892.8,2311
2025-03-18,HURJA,247.0,250.0,243.1,243.5,66553,16324232.0,234
2025-03-18,ICFC,639.0,639.0,626.0,630.0,10669,6711542.8,96
2025-03-18,ICFCD88,1060.0,1065.0,1051.1,1056.3,186,197092.5,8
2025-03-18,IGI,615.0,615.0,602.1,604.0,22220,13524551.1,152
2025-03-18,IHL,693.0,702.0,681.5,683.8,5378,3705433.6,88
2025-03-18,ILBS,989.9,990.4,971.0,977.0,1043,1016721.9,31
2025-03-18,ILI,480.5,488.6,469.6,476.9,15735,7540343.9,369
2025-03-18,JBBL,363.3,363.3,349.9,353.3,46945,16643522.8,241
2025-03-18,JBLB,1366.0,1373.0,1325.5,1362.0,3376,4607615.3,116
2025-03-18,JFL,540.0,540.0,528.5,529.9,13846,7387183.2,154
2025-03-18,JOSHI,390.6,390.6,378.0,380.0,20380,7781661.5,167
2025-03-18,JSLBB,1536.0,1588.0,1491.6,1533.0,823,1266142.6,26
2025-03-18,KBL,211.9,211.9,206.0,207.0,80775,16773517.5,304
2025-03-18,KBLD86,1120.0,1120.0,1120.0,1120.0,100,112000.0,1
2025-03-18,KBSH,2410.0,2490.0,2410.0,2435.0,529,1290974.4,20
2025-03-18,KDBY,9.18,9.35,9.18,9.31,3600,33399.0,30
2025-03-18,KDL,1152.1,1173.9,1142.0,1142.0,2663,3068686.1,62
2025-03-18,KEF,8.9,9.0,8.88,8.9,12420,111062.1,20
2025-03-18,KKHC,366.0,379.5,355.2,359.0,14912,5381239.2,126
2025-03-18,KMCDB,1081.2,1100.0,1040.0,1055.0,4467,4742387.9,62
2025-03-18,KPCL,546.0,550.0,536.1,544.0,15434,8380220.0,85
2025-03-18,KSBBL,456.9,456.9,440.2,442.5,42551,18950252.6,190
2025-03-18,KSY,8.69,8.8,8.69,8.71,978,8552.86,7
2025-03-18,LBBL,465.1,465.1,447.0,448.9,27524,12418183.9,129
2025-03-18,LEC,215.0,219.3,211.9,216.0,86003,18684660.4,260
2025-03-18,LICN,1065.0,1200.0,1021.0,1034.0,160855,167517067.9,1373
2025-03-18,LLBS,1110.0,1115.0,1101.0,1107.1,818,905786.2,19
2025-03-18,LSL,228.4,228.4,220.1,226.0,54418,12161718.3,135
2025-03-18,LUK,9.66,9.75,9.66,9.7,12675,123094.0,5
2025-03-18,LVF2,9.24,9.24,9.21,9.22,2600,23973.0,6
2025-03-18,MAKAR,745.0,760.0,723.0,744.0,9480,6987206.0,126
2025-03-18,MANDU,906.0,933.0,900.0,919.7,4297,3906047.0,107
2025-03-18,MATRI,1265.0,1269.9,1225.0,1247.2,943,1178819.5,37
2025-03-18,MBJC,331.0,336.9,331.0,333.6,27073,9039331.6,398
2025-03-18,MBL,233.4,233.4,225.0,228.0,57579,13112874.7,138
2025-03-18,MCHL,599.0,599.0,580.0,585.9,1676,983209.5,49
2025-03-18,MDB,660.0,660.0,640.0,640.0,17782,11498578.6,176
2025-03-18,MEHL,570.0,603.0,570.0,585.0,16270,9416418.9,204
2025-03-18,MEL,342.9,342.9,327.4,333.4,57221,18971484.7,355
2025-03-18,MEN,592.2,597.0,590.1,590.1,19202,11373792.6,141
2025-03-18,MERO,746.5,746.5,725.0,729.0,3050,2231389.5,46
2025-03-18,MFIL,637.0,639.8,620.0,620.0,13434,8383028.4,103
2025-03-18,MFLD85,1085.0,1090.0,1085.0,1090.0,222,241707.5,6
2025-03-18,MHCL,550.0,564.0,548.0,552.0,10444,5797368.7,153
2025-03-18,MHL,742.0,792.9,742.0,754.5,3240,2458951.5,81
2025-03-18,MHNL,272.3,274.7,264.0,274.0,15795,4265393.2,110
2025-03-18,MKCL,1612.0,1640.0,1583.0,1603.1,7763,12511423.2,154
2025-03-18,MKHC,543.0,564.0,536.0,536.0,20909,11373927.6,232
2025-03-18,MKHL,692.4,712.9,692.4,702.0,7137,5005769.4,116
2025-03-18,MKJC,571.9,571.9,551.2,557.7,23907,13350962.3,144
2025-03-18,MLBBL,1615.0,1810.0,1587.0,1810.0,11977,19613823.5,116
2025-03-18,MLBL,428.4,428.4,409.7,416.6,93125,39117736.4,491
2025-03-18,MLBLD89,1200.0,1200.0,1200.0,1200.0,1000,1200000.0,2
2025-03-18,MLBS,1960.0,1960.0,1899.3,1899.4,596,1141964.6,24
2025-03-18,MLBSL,2280.0,2300.0,2240.0,2269.0,1232,2783520.4,31
2025-03-18,MMF1,8.55,8.71,8.45,8.65,14500,124382.0,36
2025-03-18,MMKJL,730.0,735.0,719.0,723.0,3530,2548037.3,52
2025-03-18,MNBBL,380.4,380.4,370.0,371.0,40674,15116320.0,215
2025-03-18,MND84/85,1045.0,1046.7,1045.0,1046.7,50,52292.5,2
2025-03-18,MNMF1,9.0,9.1,9.0,9.03,3350,30248.5,22
2025-03-18,MPFL,665.0,665.0,651.0,655.0,10072,6586839.4,84
2025-03-18,MSHL,964.0,964.0,940.0,950.0,1130,1068610.0,27
2025-03-18,MSLB,1342.0,1359.0,1332.1,1340.0,2417,3245453.1,110
2025-03-18,NABBC,1904.2,2005.0,1867.2,1948.0,71270,137867240.6,229
2025-03-18,NABIL,499.8,499.8,485.0,491.4,28929,14222960.9,364
2025-03-18,NABILD87,1050.0,1050.0,1050.0,1050.0,25,26250.0,1
2025-03-18,NADEP,904.0,905.0,892.2,892.2,5842,5251218.8,77
2025-03-18,NBF2,9.37,9.58,9.37,9.51,19323,184130.88,14
2025-03-18,NBF3,9.16,9.43,9.16,9.25,41087,380983.83999999997,29
2025-03-18,NBL,258.5,258.5,252.1,253.0,26811,6785023.9,140
2025-03-18,NBLD85,1055.0,1055.0,1055.0,1055.0,55,58025.0,1
2025-03-18,NESDO,1895.0,1900.0,1855.1,1876.0,1243,2321826.7,51
2025-03-18,NFS,738.0,738.0,720.0,723.0,17315,12563285.0,238
2025-03-18,NGPL,282.4,283.8,276.5,279.0,46060,12913154.2,252
2025-03-18,NHDL,848.0,880.0,828.2,850.0,14988,12532478.1,76
2025-03-18,NHPC,217.3,217.3,213.0,214.0,62154,13308677.2,213
2025-03-18,NIBLGF,8.48,8.75,8.48,8.75,1800,15320.0,15
2025-03-18,NIBLSTF,8.55,8.7,8.38,8.38,11000,92912.5,24
2025-03-18,NIBSF2,8.2,8.23,8.19,8.23,1200,9845.0,6
2025-03-18,NICA,383.0,383.0,372.0,374.9,46712,17458101.4,273
2025-03-18,NICAD8283,1080.0,1080.0,1080.0,1080.0,400,432000.0,2
2025-03-18,NICBF,9.07,9.13,9.07,9.13,300,2727.0,2
2025-03-18,NICD88,1026.1,1026.1,1026.1,1026.1,4,4104.4,1
2025-03-18,NICFC,8.91,9.45,8.91,9.27,7000,64537.0,28
2025-03-18,NICGF2,8.55,8.69,8.52,8.53,6200,53052.0,21
2025-03-18,NICL,1003.0,1003.0,993.0,996.8,15811,15739114.0,162
2025-03-18,NICLBSL,665.0,670.0,663.0,665.2,5096,3400475.7,114
2025-03-18,NICSF,9.02,9.1,9.02,9.1,5100,46262.5,14
2025-03-18,NIFRA,278.6,279.4,270.0,271.4,170861,46548028.8,916
2025-03-18,NIL,773.0,780.0,772.0,777.5,2691,2082785.4,50
2025-03-18,NIMB,218.0,219.0,215.1,215.6,41724,9005693.4,248
2025-03-18,NIMBD90,1115.3,1115.3,1115.3,1115.3,2,2230.6,1
2025-03-18,NIMBPO,153.0,155.0,152.0,155.0,2510,381705.0,9
2025-03-18,NLG,890.0,1000.0,847.7,866.0,29572,25697781.4,275
2025-03-18,NLIC,787.5,793.4,772.0,780.5,23109,18147945.7,220
2025-03-18,NLICL,649.9,650.7,637.8,639.0,24312,15538006.0,138
2025-03-18,NMB,258.1,258.1,248.0,254.0,38941,9896902.1,161
2025-03-18,NMB50,10.4,10.45,10.4,10.45,10800,112695.0,5
2025-03-18,NMBD2085,1077.8,1077.8,1077.8,1077.8,2,2155.6,1
2025-03-18,NMBD87/88,1028.0,1028.0,1028.0,1028.0,25,25700.0,1
2025-03-18,NMBMF,716.7,780.0,716.7,745.0,2284,1695962.5,39
2025-03-18,NMFBS,1276.0,1290.3,1260.0,1270.0,4575,5788727.8,83
2025-03-18,NMLBBL,662.0,688.1,662.0,672.2,3901,2631764.5,49
2025-03-18,NRIC,1297.0,1304.9,1262.3,1289.2,140072,180390064.6,946
2025-03-18,NRM,501.0,512.5,496.0,499.9,23073,11581438.2,264
2025-03-18,NRN,1402.0,1428.0,1383.0,1407.3,79481,112362901.8,428
2025-03-18,NSIF2,10.25,10.29,10.25,10.29,1950,20021.5,9
2025-03-18,NTC,923.1,923.1,890.5,907.0,16538,15010424.6,192
2025-03-18,NUBL,685.1,690.0,669.0,685.9,5867,4008718.8,64
2025-03-18,NWCL,988.0,1000.0,975.1,980.0,3094,3039556.9,82
2025-03-18,NYADI,578.2,601.0,578.2,588.0,40684,24122208.4,297
2025-03-18,OHL,918.0,936.0,892.1,898.0,12571,11423816.1,63
2025-03-18,PBD84,1075.1,1075.1,1075.1,1075.1,2,2150.2,1
2025-03-18,PBD85,1028.0,1028.0,1028.0,1028.0,2,2056.0,1
2025-03-18,PBD88,1095.7,1095.7,1095.7,1095.7,25,27392.5,1
2025-03-18,PBLD84,1071.8,1071.8,1071.8,1071.8,3,3215.4,1
2025-03-18,PCBL,260.0,260.0,246.0,250.0,153771,38586993.6,336
2025-03-18,PFL,458.9,458.9,446.0,453.9,19616,8859141.0,187
2025-03-18,PHCL,641.5,654.3,620.0,621.0,18933,11912700.5,265
2025-03-18,PMHPL,297.3,305.0,294.4,302.0,5841,1755874.8,41
2025-03-18,PMLI,591.0,597.0,575.7,589.0,15493,9130888.5,213
2025-03-18,PPCL,324.3,335.9,321.4,331.3,194080,64077724.3,617
2025-03-18,PPL,518.3,535.9,518.3,530.0,9929,5228767.8,157
2025-03-18,PRIN,980.0,999.0,980.0,993.0,8304,8236022.1,83
2025-03-18,PROFL,561.0,561.0,540.0,545.5,19390,10624309.2,157
2025-03-18,PRSF,9.99,10.21,9.99,10.13,7000,71196.0,13
2025-03-18,PRVU,220.4,221.3,214.1,216.5,69849,15129835.1,330
2025-03-18,PSF,10.0,10.08,10.0,10.06,14750,148507.0,17
2025-03-18,RADHI,394.5,394.5,388.1,389.0,38233,14946306.3,141
2025-03-18,RAWA,867.3,902.0,867.3,871.1,3290,2887919.3,59
2025-03-18,RBBD83,1040.0,1040.0,1030.0,1030.0,103,107090.0,2
2025-03-18,RBCL,15050.0,15096.0,14671.1,14671.1,205,3042389.5,16
2025-03-18,RFPL,721.0,762.0,714.0,745.0,32533,24039461.6,423
2025-03-18,RHGCL,640.0,640.0,571.5,586.0,35286,20412569.5,274
2025-03-18,RHPL,397.0,404.9,397.0,397.5,23011,9215294.2,154
2025-03-18,RIDI,231.5,232.5,226.0,228.0,80540,18381754.5,293
2025-03-18,RLFL,543.0,545.0,535.0,539.0,14116,7601563.8,156
2025-03-18,RMF1,8.79,8.98,8.62,8.62,55710,481734.0,26
2025-03-18,RNLI,586.5,586.5,552.9,565.0,87850,49776887.8,485
2025-03-18,RSDC,719.9,719.9,705.0,705.0,9301,6612842.4,58
2025-03-18,RURU,770.0,774.0,751.0,768.0,17557,13414330.3,140
2025-03-18,SADBL,428.4,428.4,413.2,417.9,30868,12842025.6,117
2025-03-18,SAGF,9.3,9.31,9.3,9.31,900,8378.0,8
2025-03-18,SAHAS,510.0,510.0,506.6,507.5,63255,32147456.3,441
2025-03-18,SALICO,721.0,728.0,720.0,720.1,6302,4549474.5,53
2025-03-18,SAMAJ,2634.0,2635.0,2548.0,2598.0,343,894229.0,31
2025-03-18,SAND2085,1076.0,1076.0,1075.0,1075.0,25,26890.0,2
2025-03-18,SANIMA,311.1,311.1,303.0,303.5,29742,9061064.5,144
2025-03-18,SAPDBL,1198.5,1198.5,1153.0,1163.0,26679,31106855.6,207
2025-03-18,SARBTM,840.6,840.6,810.0,820.0,23081,18940338.4,204
2025-03-18,SBCF,8.93,9.1,8.93,9.01,3700,33150.0,8
2025-03-18,SBD87,1020.0,1030.0,1020.0,1030.0,30,30650.0,2
2025-03-18,SBD89,1120.0,1120.0,1116.1,1116.1,9,10064.4,2
2025-03-18,SBI,415.0,418.9,413.2,415.9,12635,5246473.7,65
2025-03-18,SBIBD86,1095.3,1104.0,1095.3,1104.0,35,38566.5,3
2025-03-18,SBID89,1060.0,1070.0,1060.0,1070.0,50,53250.0,2
2025-03-18,SBL,294.7,294.7,281.0,288.0,12984,3731445.2,62
2025-03-18,SBLD83,1055.0,1055.0,1055.0,1055.0,2,2110.0,1
2025-03-18,SCB,666.0,666.0,650.0,654.9,16220,10601986.2,152
2025-03-18,SDBD87,1060.0,1069.9,1060.0,1069.9,456,487162.1,6
2025-03-18,SEF,9.98,9.98,9.8,9.8,10000,98145.0,8
2025-03-18,SFCL,546.0,549.7,535.1,540.0,23019,12461705.7,174
2025-03-18,SFEF,9.12,9.31,9.12,9.2,1100,10134.0,9
2025-03-18,SFMF,10.2,10.2,10.19,10.19,8300,84607.0,4
2025-03-18,SGHC,515.0,517.7,503.0,507.9,10052,5113020.2,113
2025-03-18,SGIC,676.1,684.0,675.0,675.2,14665,9940646.8,174
2025-03-18,SHEL,258.1,265.0,258.1,260.1,81836,21416909.2,344
2025-03-18,SHINE,430.0,432.0,425.0,427.0,29201,12451476.6,166
2025-03-18,SHIVM,549.1,549.1,500.0,539.0,47189,25339436.2,313
2025-03-18,SHL,494.0,494.9,477.3,488.0,22131,10848267.2,94
2025-03-18,SHLB,2295.0,2295.0,2205.5,2205.6,1702,3788559.0,72
2025-03-18,SHPC,474.1,478.0,470.1,471.0,41246,19502326.4,199
2025-03-18,SICL,799.9,800.0,783.0,793.5,16563,13097159.0,84
2025-03-18,SIFC,535.0,556.0,532.0,540.0,9558,5204705.0,80
2025-03-18,SIGS2,9.8,9.8,9.62,9.69,5900,56807.0,5
2025-03-18,SIGS3,10.08,10.09,9.81,10.0,5300,53150.0,6
2025-03-18,SIKLES,1219.0,1220.0,1175.0,1195.0,2452,2930436.5,64
2025-03-18,SINDU,1048.0,1099.9,1038.1,1068.2,64962,69400946.3,710
2025-03-18,SJCL,333.2,338.0,333.0,333.2,7139,2388225.0,112
2025-03-18,SJLIC,450.0,455.0,445.9,450.0,22624,10197296.6,266
2025-03-18,SKBBL,801.7,825.0,801.7,812.3,24531,19938537.5,178
2025-03-18,SLBBL,963.0,982.5,961.0,962.2,4383,4232092.7,76
2025-03-18,SLBSL,2530.4,2530.4,2323.8,2370.0,8822,20584625.2,157
2025-03-18,SLCF,9.28,9.5,9.28,9.4,1650,15474.0,7
2025-03-18,SMATA,822.5,840.0,813.4,825.0,1845,1528887.7,86
2025-03-18,SMB,2736.0,2736.0,2666.0,2719.0,808,2197749.6,34
2025-03-18,SMFBS,1901.0,1909.9,1876.0,1885.0,1216,2306330.1,24
2025-03-18,SMH,988.0,1026.0,988.0,998.0,1879,1862999.9,21
2025-03-18,SMHL,976.1,1054.1,973.7,974.1,19579,19333527.5,204
2025-03-18,SMJC,640.5,640.5,610.0,619.1,36381,22748379.6,369
2025-03-18,SMPDA,950.0,958.5,940.2,957.9,2504,2375599.2,62
2025-03-18,SNLI,706.8,706.8,672.4,687.0,69187,47744195.6,618
2025-03-18,SONA,475.0,483.9,475.0,476.2,38462,18382124.7,439
2025-03-18,SPC,560.0,582.0,556.0,559.0,28446,15985643.5,199
2025-03-18,SPDL,340.0,340.0,331.0,332.0,34998,11723713.7,167
2025-03-18,SPHL,782.0,787.0,756.6,764.0,4020,3080242.0,50
2025-03-18,SPIL,881.0,885.0,842.0,864.0,30241,26116606.0,111
2025-03-18,SPL,880.1,912.9,880.1,905.0,1165,1051716.0,38
2025-03-18,SRBLD83,1060.0,1060.0,1060.0,1060.0,1,1060.0,1
2025-03-18,SRLI,425.0,429.0,413.0,422.0,31892,13467018.0,367
2025-03-18,SSHL,237.9,247.4,230.0,236.0,42659,10081064.1,193
2025-03-18,STC,5400.0,5435.0,5300.0,5350.0,1922,10205455.7,35
2025-03-18,SWBBL,881.8,881.8,843.8,869.0,3165,2735124.6999999997,48
2025-03-18,SWMF,756.0,768.0,742.9,756.0,1252,948410.3,37
2025-03-18,TAMOR,526.0,544.0,526.0,532.9,11250,5999890.5,201
2025-03-18,TPC,557.9,560.0,545.0,547.9,7158,3926961.5,90
2025-03-18,TRH,1108.9,1119.0,1085.0,1104.0,3266,3599030.3,56
2025-03-18,TSHL,855.5,855.5,830.0,830.0,4183,3535482.3,57
2025-03-18,TVCL,540.0,550.6,530.0,531.9,9039,4832226.9,96
2025-03-18,UAIL,668.0,673.0,649.0,668.0,11141,7411743.8,136
2025-03-18,UHEWA,880.0,930.0,875.3,884.0,18756,16551111.9,141
2025-03-18,ULBSL,3704.4,4008.0,3631.0,3774.0,7504,27590476.4,146
2025-03-18,ULHC,538.4,538.4,520.0,526.0,13781,7278606.7,165
2025-03-18,UMHL,438.5,440.9,433.0,433.9,155537,67700910.6,464
2025-03-18,UMRH,646.9,647.5,636.2,639.9,33188,21167861.2,185
2025-03-18,UNHPL,328.3,328.3,317.0,318.5,44798,14355345.5,239
2025-03-18,UNL,45800.2,45951.0,45750.0,45750.0,48,2200622.0,4
2025-03-18,UNLB,2306.1,2340.0,2306.1,2320.0,582,1355544.2,20
2025-03-18,UPCL,303.9,309.0,299.9,303.8,130284,39611386.0,418
2025-03-18,UPPER,206.0,206.6,200.6,204.0,99683,20321098.8,504
2025-03-18,USHEC,630.9,680.0,609.5,610.0,28430,17661144.6,235
2025-03-18,USHL,746.0,787.0,746.0,752.2,1380,1041778.0,46
2025-03-18,USLB,1700.0,1718.0,1671.0,1699.9,9809,16676531.4,71
2025-03-18,VLBS,841.0,886.9,841.0,865.0,2679,2301154.1,42
2025-03-18,VLUCL,720.0,720.0,700.0,700.0,7164,5041512.1,140
2025-03-18,WNLB,3166.0,3229.0,3090.0,3125.0,1199,3730683.4,57
