date,transaction_no,symbol,buyer,seller,quantity,rate,amount
2015-07-01,201507012604597,ADBL,16,16,61,410.0,25010.0
2015-07-01,201507012604510,ADBL,52,29,120,409.0,49080.0
2015-07-01,201507012604450,ADBL,42,43,30,410.0,12300.0
2015-07-01,201507012604311,ADBL,40,26,101,410.0,41410.0
2015-07-01,201507012604576,AHPC,43,21,500,318.0,159000.0
2015-07-01,201507012604405,AHPC,52,4,716,318.0,227688.0
2015-07-01,201507012604362,AHPC,52,10,150,319.0,47850.0
2015-07-01,201507012604308,AHPC,41,29,46,320.0,14720.0
2015-07-01,201507012604300,AHPC,41,32,23,322.0,7406.0
2015-07-01,201507012604169,ALDBL,21,14,20,317.0,6340.0
2015-07-01,201507012604621,ALICL,43,43,795,1004.0,798180.0
2015-07-01,201507012604592,ALICL,32,19,414,1012.0,418968.0
2015-07-01,201507012604594,APEX,38,39,627,120.0,75240.0
2015-07-01,201507012604582,APEX,38,32,40,120.0,4800.0
2015-07-01,201507012604581,APEX,38,32,40,120.0,4800.0
2015-07-01,201507012604579,APEX,38,32,40,120.0,4800.0
2015-07-01,201507012604508,APEX,38,39,604,120.0,72480.0
2015-07-01,201507012604292,APEX,38,16,30,120.0,3600.0
2015-07-01,201507012604284,APEX,38,16,30,120.0,3600.0
2015-07-01,201507012604327,ARDBL,56,20,468,167.0,78156.0
2015-07-01,201507012604177,ARDBL,39,20,100,167.0,16700.0
2015-07-01,201507012604176,ARDBL,33,20,300,167.0,50100.0
2015-07-01,201507012604413,BHBL,36,4,11,295.0,3245.0
2015-07-01,201507012604341,BHBL,36,4,150,295.0,44250.0
2015-07-01,201507012604310,BHBL,36,4,100,295.0,29500.0
2015-07-01,201507012604373,BLDBL,21,21,70,318.0,22260.0
2015-07-01,201507012604351,BLDBL,20,57,75,320.0,24000.0
2015-07-01,201507012604250,BLDBL,5,32,120,319.0,38280.0
2015-07-01,201507012604161,BLDBL,21,50,55,314.0,17270.0
2015-07-01,201507012604160,BLDBL,21,50,120,314.0,37680.0
2015-07-01,201507012604616,BPCL,25,28,200,610.0,122000.0
2015-07-01,201507012604326,BPCL,11,28,100,610.0,61000.0
2015-07-01,201507012604325,BPCL,1,28,200,611.0,122200.0
2015-07-01,201507012604540,CBBL,10,58,181,1670.0,302270.0
2015-07-01,201507012604305,CBBL,32,32,711,1645.0,1169595.0
2015-07-01,201507012604225,CBBL,21,16,100,1669.0,166900.0
2015-07-01,201507012604339,CBL,41,8,269,267.0,71823.0
2015-07-01,201507012604207,CBL,35,58,29,268.0,7772.0
2015-07-01,201507012604640,CCBL,22,41,10,315.0,3150.0
2015-07-01,201507012604531,CCBL,22,14,30,315.0,9450.0
2015-07-01,201507012604412,CCBL,48,41,10,317.0,3170.0
2015-07-01,201507012604403,CCBL,13,4,200,315.0,63000.0
2015-07-01,201507012604400,CCBL,38,4,352,315.0,110880.0
2015-07-01,201507012604309,CCBL,32,10,500,315.0,157500.0
2015-07-01,201507012604209,CCBL,32,50,39,318.0,12402.0
2015-07-01,201507012604301,CCBL,46,4,34,316.0,10744.0
2015-07-01,201507012604281,CCBL,46,4,50,316.0,15800.0
2015-07-01,201507012604267,CCBL,39,14,400,316.0,126400.0
2015-07-01,201507012604261,CCBL,46,4,181,317.0,57377.0
2015-07-01,201507012604233,CCBL,45,4,500,316.0,158000.0
2015-07-01,201507012604224,CCBL,39,50,39,317.0,12363.0
2015-07-01,201507012604589,CHCL,21,43,100,1550.0,155000.0
2015-07-01,201507012604577,CHCL,48,34,58,1546.0,89668.0
2015-07-01,201507012604532,CHCL,52,6,112,1547.0,173264.0
2015-07-01,201507012604408,CHCL,49,43,200,1550.0,310000.0
2015-07-01,201507012604384,CHCL,45,44,72,1549.0,111528.0
2015-07-01,201507012604359,CHCL,19,43,100,1550.0,155000.0
2015-07-01,201507012604329,CHCL,1,38,73,1550.0,113150.0
2015-07-01,201507012604272,CHCL,45,51,113,1550.0,175150.0
2015-07-01,201507012604231,CHCL,57,43,250,1550.0,387500.0
2015-07-01,201507012604455,CNDBL,14,11,20,151.0,3020.0
2015-07-01,201507012604427,CNDBL,17,32,100,150.0,15000.0
2015-07-01,201507012604425,CNDBL,17,32,100,150.0,15000.0
2015-07-01,201507012604256,CNDBL,42,17,20,150.0,3000.0
2015-07-01,201507012604251,CNDBL,42,17,20,150.0,3000.0
2015-07-01,201507012604202,CNDBL,42,32,130,150.0,19500.0
2015-07-01,201507012604636,CZBIL,32,44,500,455.0,227500.0
2015-07-01,201507012604627,CZBIL,13,57,119,454.0,54026.0
2015-07-01,201507012604557,CZBIL,13,45,38,452.0,17176.0
2015-07-01,201507012604454,CZBIL,13,14,13,452.0,5876.0
2015-07-01,201507012604347,CZBIL,13,8,50,452.0,22600.0
2015-07-01,201507012604328,CZBIL,49,8,68,453.0,30804.0
2015-07-01,201507012604277,CZBIL,13,44,500,452.0,226000.0
2015-07-01,201507012604254,CZBIL,35,35,300,453.0,135900.0
2015-07-01,201507012604620,EBL,38,44,100,2099.0,209900.0
2015-07-01,201507012604619,EBL,38,44,100,2099.0,209900.0
2015-07-01,201507012604514,EBL,38,28,48,2094.0,100512.0
2015-07-01,201507012604498,EBL,22,48,138,2098.0,289524.0
2015-07-01,201507012604475,EBL,38,44,100,2099.0,209900.0
2015-07-01,201507012604268,EBL,54,29,200,2095.0,419000.0
2015-07-01,201507012604264,EBL,17,6,112,2092.0,234304.0
2015-07-01,201507012604232,EBL,28,38,66,2090.0,137940.0
2015-07-01,201507012604463,EBL,54,44,100,2099.0,209900.0
2015-07-01,201507012604448,EBL,36,44,100,2099.0,209900.0
2015-07-01,201507012604445,EBL,54,44,300,2099.0,629700.0
2015-07-01,201507012604435,EBL,38,44,100,2100.0,210000.0
2015-07-01,201507012604419,EBL,54,44,200,2099.0,419800.0
2015-07-01,201507012604437,EDBL,21,32,51,585.0,29835.0
2015-07-01,201507012604434,EDBL,21,32,51,585.0,29835.0
2015-07-01,201507012604537,EKBL,41,1,33,287.0,9471.0
2015-07-01,201507012604511,EKBL,41,1,33,287.0,9471.0
2015-07-01,201507012604464,EKBL,58,1,33,288.0,9504.0
2015-07-01,201507012604262,EKBL,16,16,33,289.0,9537.0
2015-07-01,201507012604568,GBIME,45,42,200,440.0,88000.0
2015-07-01,201507012604555,GBIME,47,42,200,440.0,88000.0
2015-07-01,201507012604554,GBIME,49,42,100,440.0,44000.0
2015-07-01,201507012604520,GBIME,45,49,309,440.0,135960.0
2015-07-01,201507012604481,GBIME,22,42,100,440.0,44000.0
2015-07-01,201507012604480,GBIME,16,42,500,440.0,220000.0
2015-07-01,201507012604285,GBIME,14,41,12,442.0,5304.0
2015-07-01,201507012604479,GBIME,11,42,200,440.0,88000.0
2015-07-01,201507012604478,GBIME,38,42,500,440.0,220000.0
2015-07-01,201507012604477,GBIME,26,42,50,440.0,22000.0
2015-07-01,201507012604430,GBIME,42,42,4000,440.0,1760000.0
2015-07-01,201507012604344,GBIME,35,42,500,440.0,220000.0
2015-07-01,201507012604290,GBIME,14,41,16,442.0,7072.0
2015-07-01,201507012604612,GLICL,46,59,380,564.0,214320.0
2015-07-01,201507012604583,GLICL,6,59,92,567.0,52164.0
2015-07-01,201507012604519,GLICL,26,59,180,566.0,101880.0
2015-07-01,201507012604442,GLICL,22,59,201,570.0,114570.0
2015-07-01,201507012604269,GLICL,57,16,111,569.0,63159.0
2015-07-01,201507012604352,HBL,36,19,71,823.0,58433.0
2015-07-01,201507012604444,HBL,53,53,454,820.0,372280.0
2015-07-01,201507012604417,HBL,36,3,21,825.0,17325.0
2015-07-01,201507012604399,HBL,36,45,141,823.0,116043.0
2015-07-01,201507012604642,HGI,17,56,50,415.0,20750.0
2015-07-01,201507012604227,IDBL,32,14,22,173.0,3806.0
2015-07-01,201507012604566,JBBL,13,32,32,161.0,5152.0
2015-07-01,201507012604564,JBBL,13,32,32,161.0,5152.0
2015-07-01,201507012604488,JBBL,13,32,32,161.0,5152.0
2015-07-01,201507012604482,JBBL,13,32,32,161.0,5152.0
2015-07-01,201507012604257,JBBL,29,16,130,161.0,20930.0
2015-07-01,201507012604458,JBBL,13,32,32,161.0,5152.0
2015-07-01,201507012604372,JBBL,29,41,32,161.0,5152.0
2015-07-01,201507012604524,JBNL,51,14,81,270.0,21870.0
2015-07-01,201507012604515,JBNL,8,14,1238,269.0,333022.0
2015-07-01,201507012604313,JBNL,19,29,19,274.0,5206.0
2015-07-01,201507012604278,JBNL,22,29,100,274.0,27400.0
2015-07-01,201507012604574,JFL,20,43,200,385.0,77000.0
2015-07-01,201507012604567,JFL,20,7,162,385.0,62370.0
2015-07-01,201507012604641,KAFIL,25,14,389,236.0,91804.0
2015-07-01,201507012604586,KAFIL,19,14,1000,240.0,240000.0
2015-07-01,201507012604283,KAFIL,13,19,96,235.0,22560.0
2015-07-01,201507012604163,KAFIL,14,1,30,236.0,7080.0
2015-07-01,201507012604416,KAFIL,1,50,100,239.0,23900.0
2015-07-01,201507012604415,KAFIL,1,1,140,238.0,33320.0
2015-07-01,201507012604304,KAFIL,13,19,96,236.0,22656.0
2015-07-01,201507012604303,KAFIL,13,19,40,236.0,9440.0
2015-07-01,201507012604299,KBBL,41,59,562,357.0,200634.0
2015-07-01,201507012604509,KBL,33,33,95,380.0,36100.0
2015-07-01,201507012604493,KBL,29,57,205,375.0,76875.0
2015-07-01,201507012604402,KBL,44,40,1431,373.0,533763.0
2015-07-01,201507012604389,KBL,38,29,16,377.0,6032.0
2015-07-01,201507012604377,KBL,58,22,112,376.0,42112.0
2015-07-01,201507012604194,KBL,14,29,10,380.0,3800.0
2015-07-01,201507012604166,KBL,38,40,200,377.0,75400.0
2015-07-01,201507012604562,KDBL,36,41,42,144.0,6048.0
2015-07-01,201507012604393,KDBL,36,5,107,145.0,15515.0
2015-07-01,201507012604312,KDBL,36,42,276,145.0,40020.0
2015-07-01,201507012604451,KRBL,14,6,100,255.0,25500.0
2015-07-01,201507012604404,KRBL,1,41,100,258.0,25800.0
2015-07-01,201507012604376,KRBL,1,41,40,258.0,10320.0
2015-07-01,201507012604316,KRBL,1,50,60,258.0,15480.0
2015-07-01,201507012604248,KRBL,1,1,70,262.0,18340.0
2015-07-01,201507012604168,KRBL,1,1,20,262.0,5240.0
2015-07-01,201507012604414,LBL,17,53,96,409.0,39264.0
2015-07-01,201507012604371,LBL,43,38,209,408.0,85272.0
2015-07-01,201507012604489,LGIL,35,56,44,363.0,15972.0
2015-07-01,201507012604618,LICN,26,53,44,2850.0,125400.0
2015-07-01,201507012604613,LICN,26,53,50,2850.0,142500.0
2015-07-01,201507012604593,LICN,26,14,200,2850.0,570000.0
2015-07-01,201507012604584,LICN,14,53,60,2860.0,171600.0
2015-07-01,201507012604571,LICN,26,53,200,2850.0,570000.0
2015-07-01,201507012604497,LICN,57,8,100,2860.0,286000.0
2015-07-01,201507012604391,LICN,10,14,200,2865.0,573000.0
2015-07-01,201507012604386,LICN,26,43,100,2865.0,286500.0
2015-07-01,201507012604379,LICN,48,8,100,2861.0,286100.0
2015-07-01,201507012604229,LICN,48,14,292,2850.0,832200.0
2015-07-01,201507012604223,LICN,14,14,550,2850.0,1567500.0
2015-07-01,201507012604195,LICN,14,14,22,2870.0,63140.0
2015-07-01,201507012604246,LLBS,21,45,10,782.0,7820.0
2015-07-01,201507012604635,LUBL,45,14,100,340.0,34000.0
2015-07-01,201507012604634,LUBL,52,14,100,340.0,34000.0
2015-07-01,201507012604565,LUBL,40,4,1000,337.0,337000.0
2015-07-01,201507012604345,LUBL,16,8,194,339.0,65766.0
2015-07-01,201507012604297,LUBL,13,36,500,339.0,169500.0
2015-07-01,201507012604295,LUBL,22,51,30,340.0,10200.0
2015-07-01,201507012604294,LUBL,22,26,100,340.0,34000.0
2015-07-01,201507012604289,LUBL,22,26,14,340.0,4760.0
2015-07-01,201507012604279,LUBL,22,26,96,340.0,32640.0
2015-07-01,201507012604238,LUBL,40,14,1000,337.0,337000.0
2015-07-01,201507012604629,MBL,49,58,200,561.0,112200.0
2015-07-01,201507012604544,MBL,26,25,77,565.0,43505.0
2015-07-01,201507012604474,MBL,57,4,170,563.0,95710.0
2015-07-01,201507012604441,MBL,57,7,163,564.0,91932.0
2015-07-01,201507012604332,MBL,13,8,160,561.0,89760.0
2015-07-01,201507012604240,MBL,48,20,1000,560.0,560000.0
2015-07-01,201507012604230,MBL,49,59,100,560.0,56000.0
2015-07-01,201507012604219,MBL,49,20,1000,560.0,560000.0
2015-07-01,201507012604184,MBL,45,45,711,556.0,395316.0
2015-07-01,201507012604348,MDB,17,42,108,510.0,55080.0
2015-07-01,201507012604174,MDB,58,1,15,510.0,7650.0
2015-07-01,201507012604545,MDBL,47,3,33,234.0,7722.0
2015-07-01,201507012604538,MDBL,38,3,130,234.0,30420.0
2015-07-01,201507012604218,MDBL,35,17,300,234.0,70200.0
2015-07-01,201507012604217,MDBL,35,36,190,234.0,44460.0
2015-07-01,201507012604271,METRO,33,28,169,336.0,56784.0
2015-07-01,201507012604239,METRO,28,28,250,333.0,83250.0
2015-07-01,201507012604244,MNBBL,21,21,540,532.0,287280.0
2015-07-01,201507012604221,MNBBL,46,43,24,531.0,12744.0
2015-07-01,201507012604337,NABIL,3,25,58,1909.0,110722.0
2015-07-01,201507012604216,NABIL,48,32,421,1900.0,799900.0
2015-07-01,201507012604172,NABIL,11,32,580,1898.0,1100840.0
2015-07-01,201507012604624,NABILP,59,44,700,1312.0,918400.0
2015-07-01,201507012604175,NABILP,28,49,100,1310.0,131000.0
2015-07-01,201507012604296,NABILP,59,39,700,1310.0,917000.0
2015-07-01,201507012604180,NABILP,59,49,200,1310.0,262000.0
2015-07-01,201507012604638,NBB,10,21,27,520.0,14040.0
2015-07-01,201507012604633,NBB,51,47,165,514.0,84810.0
2015-07-01,201507012604614,NBB,56,47,1000,511.0,511000.0
2015-07-01,201507012604598,NBB,10,36,1000,514.0,514000.0
2015-07-01,201507012604580,NBB,51,4,500,514.0,257000.0
2015-07-01,201507012604185,NBB,10,34,488,516.0,251808.0
2015-07-01,201507012604182,NBB,39,4,40,517.0,20680.0
2015-07-01,201507012604228,NBB,48,48,174,516.0,89784.0
2015-07-01,201507012604214,NBB,10,53,882,515.0,454230.0
2015-07-01,201507012604203,NBB,39,21,27,517.0,13959.0
2015-07-01,201507012604191,NBB,33,34,100,516.0,51600.0
2015-07-01,201507012604190,NBB,51,25,105,516.0,54180.0
2015-07-01,201507012604387,NBB,10,44,100,515.0,51500.0
2015-07-01,201507012604353,NBB,10,35,500,515.0,257500.0
2015-07-01,201507012604291,NBB,10,35,346,515.0,178190.0
2015-07-01,201507012604282,NBB,10,35,500,515.0,257500.0
2015-07-01,201507012604548,NBB,10,32,500,514.0,257000.0
2015-07-01,201507012604513,NBB,10,4,200,515.0,103000.0
2015-07-01,201507012604496,NBB,51,4,510,514.0,262140.0
2015-07-01,201507012604428,NBB,10,17,100,515.0,51500.0
2015-07-01,201507012604502,NBBL,7,21,22,1905.0,41910.0
2015-07-01,201507012604226,NBBL,26,3,13,1872.0,24336.0
2015-07-01,201507012604200,NBBL,46,34,13,1836.0,23868.0
2015-07-01,201507012604563,NBF1,42,45,2997,13.7,41058.9
2015-07-01,201507012604558,NBF1,47,39,2997,13.75,41208.75
2015-07-01,201507012604626,NBL,32,5,1000,281.0,281000.0
2015-07-01,201507012604605,NBL,6,4,200,282.0,56400.0
2015-07-01,201507012604560,NBL,6,56,202,282.0,56964.0
2015-07-01,201507012604552,NBL,40,4,1000,283.0,283000.0
2015-07-01,201507012604526,NBL,6,4,100,284.0,28400.0
2015-07-01,201507012604487,NBL,57,4,200,283.0,56600.0
2015-07-01,201507012604459,NBL,5,4,1000,283.0,283000.0
2015-07-01,201507012604199,NBL,44,44,500,284.0,142000.0
2015-07-01,201507012604398,NCCB,29,1,278,445.0,123710.0
2015-07-01,201507012604365,NCCB,41,1,50,445.0,22250.0
2015-07-01,201507012604360,NCCB,17,1,100,445.0,44500.0
2015-07-01,201507012604632,NHPC,6,25,100,122.0,12200.0
2015-07-01,201507012604610,NHPC,6,16,500,120.0,60000.0
2015-07-01,201507012604547,NHPC,42,56,500,119.0,59500.0
2015-07-01,201507012604546,NHPC,40,56,100,119.0,11900.0
2015-07-01,201507012604431,NHPC,41,6,100,120.0,12000.0
2015-07-01,201507012604410,NHPC,11,6,1000,118.0,118000.0
2015-07-01,201507012604406,NHPC,42,6,1000,118.0,118000.0
2015-07-01,201507012604401,NHPC,59,6,500,119.0,59500.0
2015-07-01,201507012604370,NHPC,41,16,500,120.0,60000.0
2015-07-01,201507012604361,NHPC,42,25,1000,119.0,119000.0
2015-07-01,201507012604162,NHPC,6,5,1200,120.0,144000.0
2015-07-01,201507012604142,NHPC,11,38,1000,119.0,119000.0
2015-07-01,201507012604587,NIB,52,22,200,714.0,142800.0
2015-07-01,201507012604388,NIB,16,50,42,718.0,30156.0
2015-07-01,201507012604211,NIB,33,11,86,715.0,61490.0
2015-07-01,201507012604206,NIB,33,16,188,715.0,134420.0
2015-07-01,201507012604595,NIBPO,5,53,400,505.0,202000.0
2015-07-01,201507012604397,NIBPO,5,54,86,505.0,43430.0
2015-07-01,201507012604253,NIBPO,25,53,500,506.0,253000.0
2015-07-01,201507012604252,NIBPO,19,53,200,506.0,101200.0
2015-07-01,201507012604235,NIBPO,59,55,1000,507.0,507000.0
2015-07-01,201507012604625,NICA,3,29,18,615.0,11070.0
2015-07-01,201507012604609,NICA,32,55,20,614.0,12280.0
2015-07-01,201507012604596,NICA,32,28,30,614.0,18420.0
2015-07-01,201507012604539,NICA,32,32,80,614.0,49120.0
2015-07-01,201507012604485,NICA,32,32,103,614.0,63242.0
2015-07-01,201507012604484,NICA,32,32,101,614.0,62014.0
2015-07-01,201507012604390,NICA,29,29,710,613.0,435230.0
2015-07-01,201507012604349,NICA,59,29,11,615.0,6765.0
2015-07-01,201507012604331,NICA,22,55,500,615.0,307500.0
2015-07-01,201507012604330,NICA,22,59,500,615.0,307500.0
2015-07-01,201507012604604,NICL,35,11,500,412.0,206000.0
2015-07-01,201507012604590,NICL,33,48,10,411.0,4110.0
2015-07-01,201507012604452,NICL,38,52,1692,403.0,681876.0
2015-07-01,201507012604443,NICL,35,48,17,407.0,6919.0
2015-07-01,201507012604396,NICL,35,43,200,407.0,81400.0
2015-07-01,201507012604367,NICL,33,58,1000,407.0,407000.0
2015-07-01,201507012604363,NICL,38,22,127,406.0,51562.0
2015-07-01,201507012604338,NICL,39,47,300,405.0,121500.0
2015-07-01,201507012604215,NICL,38,45,298,405.0,120690.0
2015-07-01,201507012604265,NLBBL,33,53,84,1195.0,100380.0
2015-07-01,201507012604631,NLG,21,29,12,571.0,6852.0
2015-07-01,201507012604623,NLG,3,29,118,570.0,67260.0
2015-07-01,201507012604369,NLG,25,16,473,573.0,271029.0
2015-07-01,201507012604617,NLIC,48,35,200,2909.0,581800.0
2015-07-01,201507012604602,NLIC,34,44,100,2909.0,290900.0
2015-07-01,201507012604572,NLIC,28,28,1300,2910.0,3783000.0
2015-07-01,201507012604569,NLIC,22,44,200,2910.0,582000.0
2015-07-01,201507012604551,NLIC,33,38,100,2910.0,291000.0
2015-07-01,201507012604550,NLIC,33,44,100,2909.0,290900.0
2015-07-01,201507012604210,NLIC,28,11,100,2900.0,290000.0
2015-07-01,201507012604205,NLIC,28,57,229,2900.0,664100.0
2015-07-01,201507012604204,NLIC,28,1,20,2899.0,57980.0
2015-07-01,201507012604491,NLIC,54,17,100,2907.0,290700.0
2015-07-01,201507012604490,NLIC,54,44,100,2906.0,290600.0
2015-07-01,201507012604423,NLIC,54,57,290,2905.0,842450.0
2015-07-01,201507012604306,NLIC,56,6,15,2915.0,43725.0
2015-07-01,201507012604247,NLIC,48,44,100,2911.0,291100.0
2015-07-01,201507012604222,NLIC,57,6,50,2912.0,145600.0
2015-07-01,201507012604433,NLICL,54,50,300,1885.0,565500.0
2015-07-01,201507012604241,NLICL,50,36,100,1885.0,188500.0
2015-07-01,201507012604198,NNLB,39,32,10,830.0,8300.0
2015-07-01,201507012604556,NTC,3,51,100,623.0,62300.0
2015-07-01,201507012604189,NTC,45,16,100,620.0,62000.0
2015-07-01,201507012604287,NTC,3,22,100,623.0,62300.0
2015-07-01,201507012604280,NTC,3,51,100,622.0,62200.0
2015-07-01,201507012604549,NTC,3,17,100,621.0,62100.0
2015-07-01,201507012604533,NTC,38,6,600,620.0,372000.0
2015-07-01,201507012604503,NUBL,1,59,102,1275.0,130050.0
2015-07-01,201507012604193,NUBL,32,40,163,1285.0,209455.0
2015-07-01,201507012604192,NUBL,29,53,106,1275.0,135150.0
2015-07-01,201507012604186,NUBL,32,53,269,1280.0,344320.0
2015-07-01,201507012604355,OHL,59,51,20,610.0,12200.0
2015-07-01,201507012604334,OHL,53,45,590,610.0,359900.0
2015-07-01,201507012604512,OHL,5,42,10,605.0,6050.0
2015-07-01,201507012604505,OHL,53,42,10,610.0,6100.0
2015-07-01,201507012604504,OHL,38,42,10,618.0,6180.0
2015-07-01,201507012604356,OHL,59,51,20,610.0,12200.0
2015-07-01,201507012604368,PADBL,14,48,740,392.0,290080.0
2015-07-01,201507012604494,PCBL,16,16,51,447.0,22797.0
2015-07-01,201507012604421,PCBL,50,22,200,446.0,89200.0
2015-07-01,201507012604395,PCBL,50,6,150,446.0,66900.0
2015-07-01,201507012604382,PCBL,41,6,11,447.0,4917.0
2015-07-01,201507012604242,PCBL,17,7,58,447.0,25926.0
2015-07-01,201507012604178,PCBL,39,45,28,448.0,12544.0
2015-07-01,201507012604578,PIC,21,26,117,499.0,58383.0
2015-07-01,201507012604394,PIC,14,14,13,495.0,6435.0
2015-07-01,201507012604266,PICL,48,29,500,403.0,201500.0
2015-07-01,201507012604260,PICL,21,29,300,405.0,121500.0
2015-07-01,201507012604259,PICL,32,29,100,406.0,40600.0
2015-07-01,201507012604234,PICL,21,58,100,409.0,40900.0
2015-07-01,201507012604534,PLIC,58,38,418,1172.0,489896.0
2015-07-01,201507012604528,PLIC,26,38,31,1175.0,36425.0
2015-07-01,201507012604527,PLIC,26,55,110,1175.0,129250.0
2015-07-01,201507012604375,PLIC,26,44,14,1167.0,16338.0
2015-07-01,201507012604342,PLIC,53,55,81,1170.0,94770.0
2015-07-01,201507012604212,PLIC,57,49,200,1175.0,235000.0
2015-07-01,201507012604197,PLIC,53,35,50,1170.0,58500.0
2015-07-01,201507012604143,PRDBL,39,14,10,155.0,1550.0
2015-07-01,201507012604149,PRDBL,39,14,10,155.0,1550.0
2015-07-01,201507012604148,PRDBL,39,14,10,155.0,1550.0
2015-07-01,201507012604147,PRDBL,39,14,10,155.0,1550.0
2015-07-01,201507012604146,PRDBL,39,14,10,155.0,1550.0
2015-07-01,201507012604145,PRDBL,39,14,10,155.0,1550.0
2015-07-01,201507012604144,PRDBL,39,14,10,155.0,1550.0
2015-07-01,201507012604155,PRDBL,39,14,10,155.0,1550.0
2015-07-01,201507012604154,PRDBL,39,14,10,155.0,1550.0
2015-07-01,201507012604153,PRDBL,39,14,10,155.0,1550.0
2015-07-01,201507012604152,PRDBL,39,14,10,155.0,1550.0
2015-07-01,201507012604151,PRDBL,39,14,10,155.0,1550.0
2015-07-01,201507012604150,PRDBL,39,14,10,155.0,1550.0
2015-07-01,201507012604159,PRDBL,39,14,10,155.0,1550.0
2015-07-01,201507012604158,PRDBL,39,14,10,155.0,1550.0
2015-07-01,201507012604157,PRDBL,39,14,10,155.0,1550.0
2015-07-01,201507012604156,PRDBL,39,14,10,155.0,1550.0
2015-07-01,201507012604336,PRIN,25,6,55,408.0,22440.0
2015-07-01,201507012604258,PRIN,7,5,67,405.0,27135.0
2015-07-01,201507012604630,PRVU,19,42,11,323.0,3553.0
2015-07-01,201507012604607,PRVU,37,37,11,323.0,3553.0
2015-07-01,201507012604585,PRVU,7,42,11,323.0,3553.0
2015-07-01,201507012604570,PRVU,19,42,11,323.0,3553.0
2015-07-01,201507012604535,PRVU,17,45,24,324.0,7776.0
2015-07-01,201507012604529,PRVU,46,45,24,324.0,7776.0
2015-07-01,201507012604343,PRVU,45,7,1167,320.0,373440.0
2015-07-01,201507012604270,PRVU,46,48,40,324.0,12960.0
2015-07-01,201507012604173,PRVU,48,45,773,320.0,247360.0
2015-07-01,201507012604516,PRVU,37,37,22,325.0,7150.0
2015-07-01,201507012604460,PRVU,37,37,22,325.0,7150.0
2015-07-01,201507012604323,RBCL,57,33,50,5096.0,254800.0
2015-07-01,201507012604322,RBCL,5,33,10,5096.0,50960.0
2015-07-01,201507012604314,RBCL,39,33,50,5100.0,255000.0
2015-07-01,201507012604409,REDBL,56,17,484,202.0,97768.0
2015-07-01,201507012604383,REDBL,13,43,17,205.0,3485.0
2015-07-01,201507012604335,REDBL,56,19,17,202.0,3434.0
2015-07-01,201507012604201,REDBL,16,25,17,201.0,3417.0
2015-07-01,201507012604500,RHPC,42,51,12,415.0,4980.0
2015-07-01,201507012604499,RHPC,42,32,19,415.0,7885.0
2015-07-01,201507012604276,RHPC,51,19,62,413.0,25606.0
2015-07-01,201507012604274,RHPC,51,19,62,413.0,25606.0
2015-07-01,201507012604181,RHPC,45,42,11,414.0,4554.0
2015-07-01,201507012604461,SANIMA,17,14,10,557.0,5570.0
2015-07-01,201507012604453,SANIMA,50,32,173,559.0,96707.0
2015-07-01,201507012604411,SANIMA,50,34,1000,555.0,555000.0
2015-07-01,201507012604364,SANIMA,53,28,126,559.0,70434.0
2015-07-01,201507012604530,SBI,17,35,500,900.0,450000.0
2015-07-01,201507012604523,SBI,20,29,99,896.0,88704.0
2015-07-01,201507012604407,SBI,22,35,1000,900.0,900000.0
2015-07-01,201507012604639,SBL,17,35,694,664.0,460816.0
2015-07-01,201507012604542,SBL,17,6,111,667.0,74037.0
2015-07-01,201507012604429,SBL,50,29,400,664.0,265600.0
2015-07-01,201507012604165,SBL,4,45,148,666.0,98568.0
2015-07-01,201507012604432,SCB,3,49,16,1925.0,30800.0
2015-07-01,201507012604196,SCB,29,3,50,1901.0,95050.0
2015-07-01,201507012604171,SCB,36,3,200,1901.0,380200.0
2015-07-01,201507012604170,SCB,28,3,100,1901.0,190100.0
2015-07-01,201507012604447,SEWA,49,39,37,275.0,10175.0
2015-07-01,201507012604446,SEWA,49,39,37,275.0,10175.0
2015-07-01,201507012604298,SHBL,21,50,54,1165.0,62910.0
2015-07-01,201507012604293,SHBL,14,50,30,1175.0,35250.0
2015-07-01,201507012604350,SHINE,32,32,126,338.0,42588.0
2015-07-01,201507012604358,SHINE,32,32,84,338.0,28392.0
2015-07-01,201507012604622,SHL,33,14,400,426.0,170400.0
2015-07-01,201507012604255,SHL,33,56,800,425.0,340000.0
2015-07-01,201507012604249,SHL,33,56,1000,425.0,425000.0
2015-07-01,201507012604243,SHL,33,56,18000,425.0,7650000.0
2015-07-01,201507012604237,SHL,37,56,100,425.0,42500.0
2015-07-01,201507012604236,SHL,20,56,100,426.0,42600.0
2015-07-01,201507012604628,SHPC,38,41,10,690.0,6900.0
2015-07-01,201507012604476,SHPC,26,48,18,698.0,12564.0
2015-07-01,201507012604465,SHPC,26,48,18,698.0,12564.0
2015-07-01,201507012604462,SHPC,26,56,54,697.0,37638.0
2015-07-01,201507012604457,SHPC,26,36,18,695.0,12510.0
2015-07-01,201507012604307,SHPC,10,38,18,690.0,12420.0
2015-07-01,201507012604288,SHPC,26,4,300,689.0,206700.0
2015-07-01,201507012604188,SHPC,10,38,18,690.0,12420.0
2015-07-01,201507012604187,SHPC,10,38,18,690.0,12420.0
2015-07-01,201507012604183,SHPC,50,4,200,689.0,137800.0
2015-07-01,201507012604495,SICL,38,38,100,695.0,69500.0
2015-07-01,201507012604422,SICL,5,38,53,690.0,36570.0
2015-07-01,201507012604420,SICL,38,38,1000,685.0,685000.0
2015-07-01,201507012604392,SICL,38,38,1500,685.0,1027500.0
2015-07-01,201507012604381,SICL,4,25,250,695.0,173750.0
2015-07-01,201507012604637,SIGS1,19,45,1100,15.25,16775.0
2015-07-01,201507012604521,SKBBL,45,13,19,1311.0,24909.0
2015-07-01,201507012604507,SKBBL,3,25,19,1310.0,24890.0
2015-07-01,201507012604483,SKBBL,39,21,16,1305.0,20880.0
2015-07-01,201507012604449,SKBBL,32,6,100,1309.0,130900.0
2015-07-01,201507012604208,SKBBL,20,32,19,1310.0,24890.0
2015-07-01,201507012604141,SKBBL,47,32,19,1310.0,24890.0
2015-07-01,201507012604541,SLICL,10,33,60,677.0,40620.0
2015-07-01,201507012604436,SLICL,45,4,500,677.0,338500.0
2015-07-01,201507012604333,SLICL,5,47,149,680.0,101320.0
2015-07-01,201507012604324,SLICL,20,6,500,674.0,337000.0
2015-07-01,201507012604167,SLICL,28,33,500,675.0,337500.0
2015-07-01,201507012604164,SLICL,5,18,42,680.0,28560.0
2015-07-01,201507012604599,SMFDB,47,45,10,1610.0,16100.0
2015-07-01,201507012604418,SMFDB,58,29,169,1617.0,273273.0
2015-07-01,201507012604378,SMFDB,58,45,200,1600.0,320000.0
2015-07-01,201507012604473,SRBL,50,42,24,410.0,9840.0
2015-07-01,201507012604472,SRBL,50,42,150,410.0,61500.0
2015-07-01,201507012604471,SRBL,25,42,500,410.0,205000.0
2015-07-01,201507012604470,SRBL,56,42,100,410.0,41000.0
2015-07-01,201507012604469,SRBL,56,42,200,411.0,82200.0
2015-07-01,201507012604468,SRBL,25,42,100,411.0,41100.0
2015-07-01,201507012604467,SRBL,25,42,50,411.0,20550.0
2015-07-01,201507012604440,SRBL,50,32,500,412.0,206000.0
2015-07-01,201507012604553,SUPRME,41,10,100,153.0,15300.0
2015-07-01,201507012604536,SUPRME,51,11,21,155.0,3255.0
2015-07-01,201507012604518,SUPRME,36,10,1500,154.0,231000.0
2015-07-01,201507012604357,SUPRME,45,42,236,156.0,36816.0
2015-07-01,201507012604346,SUPRME,45,28,226,156.0,35256.0
2015-07-01,201507012604321,SUPRME,45,29,11,156.0,1716.0
2015-07-01,201507012604320,SUPRME,45,29,11,156.0,1716.0
2015-07-01,201507012604319,SUPRME,45,29,11,156.0,1716.0
2015-07-01,201507012604318,SUPRME,45,29,11,156.0,1716.0
2015-07-01,201507012604366,SWBBL,33,14,213,1600.0,340800.0
2015-07-01,201507012604275,SWBBL,43,29,10,1606.0,16060.0
2015-07-01,201507012604273,SWBBL,43,29,10,1606.0,16060.0
2015-07-01,201507012604245,SWBBL,43,26,100,1606.0,160600.0
2015-07-01,201507012604220,SWBBL,49,55,100,1613.0,161300.0
2015-07-01,201507012604561,SYFL,37,39,404,95.0,38380.0
2015-07-01,201507012604525,SYFL,37,39,404,95.0,38380.0
2015-07-01,201507012604302,UFIL,22,5,44,140.0,6160.0
2015-07-01,201507012604286,UFIL,22,5,44,140.0,6160.0
2015-07-01,201507012604263,UFIL,22,14,10,140.0,1400.0
2015-07-01,201507012604426,UIC,39,44,100,402.0,40200.0
2015-07-01,201507012604424,UIC,48,44,200,401.0,80200.0
2015-07-01,201507012604575,UNL,8,13,20,20200.0,404000.0
2015-07-01,201507012604522,UNL,8,57,30,20199.0,605970.0
2015-07-01,201507012604486,UNL,8,48,100,20000.0,2000000.0
2015-07-01,201507012604606,WDBL,7,1,12,298.0,3576.0
2015-07-01,201507012604492,WDBL,37,37,24,300.0,7200.0
2015-07-01,201507012604608,YETI,25,21,50,123.0,6150.0
2015-07-01,201507012604588,YETI,25,55,60,123.0,7380.0
2015-07-01,201507012604559,YETI,16,21,50,122.0,6100.0
2015-07-01,201507012604543,YETI,16,28,40,123.0,4920.0
2015-07-01,201507012604340,YETI,16,42,11,125.0,1375.0
2015-07-01,201507012603102,ADBL,5,41,40,408.0,16320.0
2015-07-01,201507012603098,ADBL,5,41,40,408.0,16320.0
2015-07-01,201507012603089,ADBL,5,26,40,408.0,16320.0
2015-07-01,201507012603068,AHPC,52,52,90,323.0,29070.0
2015-07-01,201507012603043,ALICL,1,54,84,1030.0,86520.0
2015-07-01,201507012603012,ALICL,1,17,89,1030.0,91670.0
2015-07-01,201507012603126,ARDBL,26,17,73,165.0,12045.0
2015-07-01,201507012603125,ARDBL,17,17,73,166.0,12118.0
2015-07-01,201507012603123,ARDBL,1,20,490,167.0,81830.0
2015-07-01,201507012603133,CBL,19,34,27,271.0,7317.0
2015-07-01,201507012603111,CBL,53,21,917,271.0,248507.0
2015-07-01,201507012603083,CBL,19,28,100,273.0,27300.0
2015-07-01,201507012603082,CBL,42,28,20,275.0,5500.0
2015-07-01,201507012603036,CBL,11,28,110,276.0,30360.0
2015-07-01,201507012602983,CBL,35,35,102,280.0,28560.0
2015-07-01,201507012602982,CBL,35,11,329,275.0,90475.0
2015-07-01,201507012603110,CCBL,25,50,39,320.0,12480.0
2015-07-01,201507012603026,CCBL,25,50,31,326.0,10106.0
2015-07-01,201507012603007,CCBL,25,39,32,326.0,10432.0
2015-07-01,201507012603001,CCBL,43,11,24,323.0,7752.0
2015-07-01,201507012602977,CCBL,43,58,13,320.0,4160.0
2015-07-01,201507012602976,CCBL,43,58,10,320.0,3200.0
2015-07-01,201507012603120,CHCL,36,56,300,1557.0,467100.0
2015-07-01,201507012603118,CHCL,36,56,200,1553.0,310600.0
2015-07-01,201507012603100,CHCL,34,56,200,1556.0,311200.0
2015-07-01,201507012603086,CHCL,59,21,196,1555.0,304780.0
2015-07-01,201507012603074,CHCL,32,21,294,1554.0,456876.0
2015-07-01,201507012603028,CHCL,13,13,162,1554.0,251748.0
2015-07-01,201507012603021,CHCL,14,26,50,1565.0,78250.0
2015-07-01,201507012603042,CZBIL,56,41,167,455.0,75985.0
2015-07-01,201507012602966,CZBIL,8,11,333,464.0,154512.0
2015-07-01,201507012602965,CZBIL,8,11,80,464.0,37120.0
2015-07-01,201507012603108,EBL,32,32,53,2090.0,110770.0
2015-07-01,201507012603105,EBL,11,44,200,2110.0,422000.0
2015-07-01,201507012603095,EBL,19,44,220,2104.0,462880.0
2015-07-01,201507012603094,EBL,11,44,100,2105.0,210500.0
2015-07-01,201507012603093,EBL,45,44,30,2105.0,63150.0
2015-07-01,201507012603092,EBL,11,44,40,2115.0,84600.0
2015-07-01,201507012602971,EBL,58,59,150,2125.0,318750.0
2015-07-01,201507012602969,EBL,38,59,300,2126.0,637800.0
2015-07-01,201507012603053,EBL,17,56,300,2110.0,633000.0
2015-07-01,201507012603047,EBL,19,53,500,2108.0,1054000.0
2015-07-01,201507012603041,EBL,58,16,45,2125.0,95625.0
2015-07-01,201507012603025,EBL,57,59,100,2135.0,213500.0
2015-07-01,201507012602987,EBL,19,59,100,2135.0,213500.0
2015-07-01,201507012602972,EBL,10,59,200,2125.0,425000.0
2015-07-01,201507012603090,EBL,41,56,200,2110.0,422000.0
2015-07-01,201507012603088,EBL,11,56,500,2105.0,1052500.0
2015-07-01,201507012603069,EBL,49,49,882,2108.0,1859256.0
2015-07-01,201507012603067,EBL,11,56,100,2120.0,212000.0
2015-07-01,201507012603058,EBL,11,56,100,2115.0,211500.0
2015-07-01,201507012603107,GBIME,42,42,2000,449.0,898000.0
2015-07-01,201507012603103,GBIME,42,42,4000,449.0,1796000.0
2015-07-01,201507012603079,GBIME,16,16,50,451.0,22550.0
2015-07-01,201507012603057,GBIME,29,29,880,446.0,392480.0
2015-07-01,201507012603051,GBIME,11,59,83,446.0,37018.0
2015-07-01,201507012603049,GBIME,17,59,200,445.0,89000.0
2015-07-01,201507012603029,GBIME,37,59,100,447.0,44700.0
2015-07-01,201507012603024,GBIME,29,47,51,456.0,23256.0
2015-07-01,201507012603013,GBIME,51,59,500,448.0,224000.0
2015-07-01,201507012603127,GLICL,3,48,10,588.0,5880.0
2015-07-01,201507012603045,GLICL,45,25,200,600.0,120000.0
2015-07-01,201507012603034,GLICL,41,48,125,594.0,74250.0
2015-07-01,201507012603033,GLICL,41,3,10,594.0,5940.0
2015-07-01,201507012603027,GLICL,41,37,46,594.0,27324.0
2015-07-01,201507012602991,GLICL,25,3,14,583.0,8162.0
2015-07-01,201507012602985,GLICL,25,11,55,583.0,32065.0
2015-07-01,201507012603056,HBL,7,7,100,816.0,81600.0
2015-07-01,201507012603020,HDL,16,16,100,555.0,55500.0
2015-07-01,201507012602967,IDBL,26,26,11,177.0,1947.0
2015-07-01,201507012602956,IDBL,26,26,11,174.0,1914.0
2015-07-01,201507012603003,ILFC,35,3,21,154.0,3234.0
2015-07-01,201507012603091,JBBL,39,41,32,162.0,5184.0
2015-07-01,201507012603124,JBNL,5,14,500,275.0,137500.0
2015-07-01,201507012602995,KADBL,16,16,10,364.0,3640.0
2015-07-01,201507012603084,KBL,58,10,163,383.0,62429.0
2015-07-01,201507012603071,KNBL,36,35,400,285.0,114000.0
2015-07-01,201507012603081,LGIL,26,14,20,383.0,7660.0
2015-07-01,201507012603140,LUBL,51,14,500,343.0,171500.0
2015-07-01,201507012602999,MBL,36,20,1000,566.0,566000.0
2015-07-01,201507012602978,MBL,20,20,2000,555.0,1110000.0
2015-07-01,201507012602989,MLBBL,5,5,12,910.0,10920.0
2015-07-01,201507012602986,MLBBL,5,5,12,910.0,10920.0
2015-07-01,201507012602962,MNBBL,58,58,1500,521.0,781500.0
2015-07-01,201507012602974,NABIL,3,45,79,1925.0,152075.0
2015-07-01,201507012603054,NABILP,38,53,300,1320.0,396000.0
2015-07-01,201507012603115,NBB,43,44,500,520.0,260000.0
2015-07-01,201507012603104,NBB,43,48,540,520.0,280800.0
2015-07-01,201507012603096,NBB,32,48,200,520.0,104000.0
2015-07-01,201507012603075,NBB,56,57,491,520.0,255320.0
2015-07-01,201507012603072,NBB,33,57,100,521.0,52100.0
2015-07-01,201507012603070,NBB,38,48,15,521.0,7815.0
2015-07-01,201507012602958,NBB,38,49,42,525.0,22050.0
2015-07-01,201507012603060,NBB,33,44,500,521.0,260500.0
2015-07-01,201507012603022,NBB,26,44,500,525.0,262500.0
2015-07-01,201507012603006,NBB,56,44,915,520.0,475800.0
2015-07-01,201507012602964,NBB,38,48,70,525.0,36750.0
2015-07-01,201507012602963,NBB,38,48,200,525.0,105000.0
2015-07-01,201507012602959,NBB,38,58,36,525.0,18900.0
2015-07-01,201507012603119,NBL,34,43,1000,288.0,288000.0
2015-07-01,201507012603018,NBL,38,47,100,290.0,29000.0
2015-07-01,201507012603017,NBL,38,44,500,290.0,145000.0
2015-07-01,201507012603122,NCCB,29,7,29,460.0,13340.0
2015-07-01,201507012603121,NCCB,29,45,100,460.0,46000.0
2015-07-01,201507012603080,NCCB,50,16,100,460.0,46000.0
2015-07-01,201507012603078,NCCB,14,16,100,461.0,46100.0
2015-07-01,201507012603061,NCCB,46,26,200,465.0,93000.0
2015-07-01,201507012602981,NCCB,56,39,10,465.0,4650.0
2015-07-01,201507012602968,NCCB,21,21,200,456.0,91200.0
2015-07-01,201507012602957,NCCB,50,49,62,454.0,28148.0
2015-07-01,201507012603106,NIB,55,19,100,720.0,72000.0
2015-07-01,201507012603132,NLIC,33,53,50,2914.0,145700.0
2015-07-01,201507012603131,NLIC,56,53,20,2915.0,58300.0
2015-07-01,201507012603130,NLIC,6,53,20,2915.0,58300.0
2015-07-01,201507012603129,NLIC,17,53,50,2920.0,146000.0
2015-07-01,201507012603128,NLIC,19,53,60,2920.0,175200.0
2015-07-01,201507012603112,NLIC,33,33,150,2925.0,438750.0
2015-07-01,201507012603002,NLIC,5,34,200,2930.0,586000.0
2015-07-01,201507012603048,NLIC,21,17,100,2935.0,293500.0
2015-07-01,201507012603023,NLIC,33,28,100,2930.0,293000.0
2015-07-01,201507012603011,NLIC,41,28,100,2900.0,290000.0
2015-07-01,201507012603010,NLIC,59,28,300,2900.0,870000.0
2015-07-01,201507012603009,NLIC,46,28,100,2905.0,290500.0
2015-07-01,201507012603008,NLIC,39,28,30,2925.0,87750.0
2015-07-01,201507012603134,NLICL,38,16,100,1945.0,194500.0
2015-07-01,201507012603117,NLICL,49,57,6000,1949.0,11694000.0
2015-07-01,201507012603055,NLICL,36,49,50,1950.0,97500.0
2015-07-01,201507012603019,NLICL,5,3,71,1954.0,138734.0
2015-07-01,201507012603016,NLICL,5,3,143,1954.0,279422.0
2015-07-01,201507012603015,NLICL,5,11,100,1954.0,195400.0
2015-07-01,201507012602980,NNFC,17,57,60,270.0,16200.0
2015-07-01,201507012603040,OHL,38,17,70,622.0,43540.0
2015-07-01,201507012603030,OHL,5,44,500,620.0,310000.0
2015-07-01,201507012602994,OHL,41,41,10,615.0,6150.0
2015-07-01,201507012602961,OHL,28,28,3000,610.0,1830000.0
2015-07-01,201507012603059,PCBL,54,41,126,450.0,56700.0
2015-07-01,201507012603014,PCBL,35,35,3109,455.0,1414595.0
2015-07-01,201507012602970,PCBL,1,58,17,455.0,7735.0
2015-07-01,201507012603063,PICL,39,3,10,404.0,4040.0
2015-07-01,201507012603114,PLIC,17,49,80,1180.0,94400.0
2015-07-01,201507012603087,PLIC,17,49,500,1177.0,588500.0
2015-07-01,201507012603085,PLIC,17,44,102,1180.0,120360.0
2015-07-01,201507012603077,PLIC,22,26,110,1176.0,129360.0
2015-07-01,201507012603064,PLIC,8,26,24,1180.0,28320.0
2015-07-01,201507012603046,PLIC,21,49,250,1180.0,295000.0
2015-07-01,201507012603044,PLIC,39,44,112,1189.0,133168.0
2015-07-01,201507012603035,PLIC,40,33,108,1190.0,128520.0
2015-07-01,201507012602993,PLIC,21,44,229,1190.0,272510.0
2015-07-01,201507012603039,PRDBL,39,21,10,153.0,1530.0
2015-07-01,201507012603038,PRDBL,39,21,10,153.0,1530.0
2015-07-01,201507012603037,PRDBL,39,21,10,153.0,1530.0
2015-07-01,201507012603050,PRIN,32,3,100,413.0,41300.0
2015-07-01,201507012603031,PRIN,5,52,100,410.0,41000.0
2015-07-01,201507012603004,PRVU,46,3,11,326.0,3586.0
2015-07-01,201507012603116,RBCL,41,32,55,5199.0,285945.0
2015-07-01,201507012603138,RHPC,51,44,12,415.0,4980.0
2015-07-01,201507012603137,RHPC,51,44,12,415.0,4980.0
2015-07-01,201507012603136,RHPC,51,44,12,415.0,4980.0
2015-07-01,201507012603135,RHPC,51,44,12,415.0,4980.0
2015-07-01,201507012603113,RHPC,20,7,11,410.0,4510.0
2015-07-01,201507012603065,RHPC,5,5,11,415.0,4565.0
2015-07-01,201507012602979,RHPC,26,26,12,416.0,4992.0
2015-07-01,201507012602975,RMDC,43,11,175,645.0,112875.0
2015-07-01,201507012603052,SADBL,16,42,50,328.0,16400.0
2015-07-01,201507012602992,SANIMA,14,7,62,571.0,35402.0
2015-07-01,201507012602990,SANIMA,14,57,11,570.0,6270.0
2015-07-01,201507012603076,SBI,41,53,50,910.0,45500.0
2015-07-01,201507012603073,SBI,55,53,25,912.0,22800.0
2015-07-01,201507012602960,SBI,36,11,240,908.0,217920.0
2015-07-01,201507012603066,SIC,14,48,62,771.0,47802.0
2015-07-01,201507012603032,SIC,14,48,100,785.0,78500.0
2015-07-01,201507012603109,SLICL,35,42,100,687.0,68700.0
2015-07-01,201507012603099,SLICL,17,33,300,687.0,206100.0
2015-07-01,201507012603005,SLICL,28,22,12,701.0,8412.0
2015-07-01,201507012603000,SLICL,28,39,34,701.0,23834.0
2015-07-01,201507012602998,SLICL,28,39,34,700.0,23800.0
2015-07-01,201507012602997,SLICL,28,22,50,695.0,34750.0
2015-07-01,201507012602996,SLICL,28,37,30,695.0,20850.0
2015-07-01,201507012602973,SLICL,43,49,42,688.0,28896.0
2015-07-01,201507012602988,SUPRME,19,44,11,153.0,1683.0
2015-07-01,201507012602984,SUPRME,19,44,11,153.0,1683.0
2015-07-01,201507012603139,UFIL,33,25,220,138.0,30360.0
2015-07-01,201507012603101,UIC,22,44,200,430.0,86000.0
2015-07-01,201507012603097,UIC,22,39,17,429.0,7293.0
2015-07-01,201507012604034,AHPC,25,29,46,320.0,14720.0
2015-07-01,201507012604033,AHPC,50,50,11,323.0,3553.0
2015-07-01,201507012604030,AHPC,51,29,46,320.0,14720.0
2015-07-01,201507012604020,AHPC,50,50,46,321.0,14766.0
2015-07-01,201507012604019,AHPC,50,50,46,321.0,14766.0
2015-07-01,201507012603962,AHPC,25,13,46,321.0,14766.0
2015-07-01,201507012603770,AHPC,26,49,300,321.0,96300.0
2015-07-01,201507012604005,AHPC,25,43,200,320.0,64000.0
2015-07-01,201507012603997,AHPC,51,4,440,320.0,140800.0
2015-07-01,201507012603989,AHPC,43,17,500,320.0,160000.0
2015-07-01,201507012603988,AHPC,45,25,1000,319.0,319000.0
2015-07-01,201507012603973,AHPC,25,13,46,321.0,14766.0
2015-07-01,201507012604094,ALDBL,58,47,11,317.0,3487.0
2015-07-01,201507012604086,ALDBL,58,47,11,317.0,3487.0
2015-07-01,201507012604076,ALDBL,58,47,11,317.0,3487.0
2015-07-01,201507012604035,ALDBL,58,39,50,316.0,15800.0
2015-07-01,201507012603909,ALDBL,55,29,23,315.0,7245.0
2015-07-01,201507012603848,ALICL,11,59,200,1025.0,205000.0
2015-07-01,201507012603760,ALICL,18,49,200,1025.0,205000.0
2015-07-01,201507012603677,ALICL,18,44,394,1025.0,403850.0
2015-07-01,201507012603676,ALICL,18,37,100,1023.0,102300.0
2015-07-01,201507012603665,ALICL,18,48,208,1022.0,212576.0
2015-07-01,201507012603664,ALICL,18,37,100,1021.0,102100.0
2015-07-01,201507012603862,APEX,38,14,30,120.0,3600.0
2015-07-01,201507012603859,APEX,38,14,30,120.0,3600.0
2015-07-01,201507012603857,APEX,38,14,30,120.0,3600.0
2015-07-01,201507012603853,APEX,38,14,30,120.0,3600.0
2015-07-01,201507012603847,APEX,19,14,30,121.0,3630.0
2015-07-01,201507012603718,APEX,38,14,30,120.0,3600.0
2015-07-01,201507012603717,APEX,38,14,30,120.0,3600.0
2015-07-01,201507012603714,APEX,38,14,30,120.0,3600.0
2015-07-01,201507012603759,APEX,19,42,45,121.0,5445.0
2015-07-01,201507012603744,APEX,46,42,477,120.0,57240.0
2015-07-01,201507012603741,APEX,46,42,20,121.0,2420.0
2015-07-01,201507012603739,APEX,46,42,20,121.0,2420.0
2015-07-01,201507012603737,APEX,38,14,30,120.0,3600.0
2015-07-01,201507012603719,APEX,38,14,30,120.0,3600.0
2015-07-01,201507012604042,ARDBL,13,58,21,166.0,3486.0
2015-07-01,201507012603891,ARDBL,1,20,500,167.0,83500.0
2015-07-01,201507012604140,BLDBL,21,50,55,315.0,17325.0
2015-07-01,201507012604009,BPCL,47,4,100,610.0,61000.0
2015-07-01,201507012603917,BPCL,32,28,1000,610.0,610000.0
2015-07-01,201507012604047,CBBL,6,16,142,1665.0,236430.0
2015-07-01,201507012603898,CBBL,33,22,358,1660.0,594280.0
2015-07-01,201507012603953,CBL,47,28,188,270.0,50760.0
2015-07-01,201507012603835,CBL,33,56,94,271.0,25474.0
2015-07-01,201507012603785,CBL,47,22,261,270.0,70470.0
2015-07-01,201507012603774,CBL,19,51,545,271.0,147695.0
2015-07-01,201507012603674,CBL,33,48,117,271.0,31707.0
2015-07-01,201507012604066,CCBL,39,39,32,317.0,10144.0
2015-07-01,201507012604058,CCBL,39,39,32,317.0,10144.0
2015-07-01,201507012604053,CCBL,39,39,32,317.0,10144.0
2015-07-01,201507012603887,CCBL,49,14,500,316.0,158000.0
2015-07-01,201507012603886,CCBL,49,14,200,316.0,63200.0
2015-07-01,201507012603885,CCBL,25,14,200,317.0,63400.0
2015-07-01,201507012603884,CCBL,38,14,150,317.0,47550.0
2015-07-01,201507012603883,CCBL,7,14,20,318.0,6360.0
2015-07-01,201507012603868,CCBL,45,43,1016,318.0,323088.0
2015-07-01,201507012603802,CCBL,38,50,383,317.0,121411.0
2015-07-01,201507012604002,CDBL,33,1,200,325.0,65000.0
2015-07-01,201507012604130,CHCL,57,49,56,1547.0,86632.0
2015-07-01,201507012604029,CHCL,45,34,30,1546.0,46380.0
2015-07-01,201507012603882,CHCL,50,50,28,1546.0,43288.0
2015-07-01,201507012603873,CHCL,50,50,28,1546.0,43288.0
2015-07-01,201507012603865,CHCL,50,50,28,1546.0,43288.0
2015-07-01,201507012603858,CHCL,50,50,28,1546.0,43288.0
2015-07-01,201507012603683,CHCL,13,17,78,1551.0,120978.0
2015-07-01,201507012603658,CHCL,4,52,28,1555.0,43540.0
2015-07-01,201507012603852,CHCL,50,50,28,1546.0,43288.0
2015-07-01,201507012603837,CHCL,57,41,56,1555.0,87080.0
2015-07-01,201507012603703,CHCL,29,56,200,1550.0,310000.0
2015-07-01,201507012603702,CHCL,19,56,50,1550.0,77500.0
2015-07-01,201507012603701,CHCL,41,56,50,1552.0,77600.0
2015-07-01,201507012603700,CHCL,17,56,50,1555.0,77750.0
2015-07-01,201507012604131,CNDBL,42,14,20,150.0,3000.0
2015-07-01,201507012604027,CNDBL,25,17,20,150.0,3000.0
2015-07-01,201507012604024,CNDBL,25,17,20,150.0,3000.0
2015-07-01,201507012603863,CNDBL,25,7,40,153.0,6120.0
2015-07-01,201507012604001,CZBIL,13,44,344,455.0,156520.0
2015-07-01,201507012603814,CZBIL,13,26,231,455.0,105105.0
2015-07-01,201507012603807,CZBIL,20,51,500,454.0,227000.0
2015-07-01,201507012603789,CZBIL,49,29,34,453.0,15402.0
2015-07-01,201507012603743,CZBIL,56,51,500,454.0,227000.0
2015-07-01,201507012603723,CZBIL,42,50,147,455.0,66885.0
2015-07-01,201507012603715,CZBIL,42,38,136,455.0,61880.0
2015-07-01,201507012603941,EBL,25,25,200,2090.0,418000.0
2015-07-01,201507012603655,EBL,32,59,200,2090.0,418000.0
2015-07-01,201507012603652,EBL,22,59,100,2092.0,209200.0
2015-07-01,201507012603808,EBL,36,56,100,2099.0,209900.0
2015-07-01,201507012603758,EBL,19,17,22,2101.0,46222.0
2015-07-01,201507012603745,EBL,57,56,100,2095.0,209500.0
2015-07-01,201507012603711,EBL,19,26,47,2090.0,98230.0
2015-07-01,201507012603881,EBL,51,59,55,2090.0,114950.0
2015-07-01,201507012603864,EBL,36,29,200,2095.0,419000.0
2015-07-01,201507012603850,EBL,17,29,100,2095.0,209500.0
2015-07-01,201507012603661,EIC,10,20,270,826.0,223020.0
2015-07-01,201507012603748,GABL,45,45,24,292.0,7008.0
2015-07-01,201507012603704,GABL,45,45,20,287.0,5740.0
2015-07-01,201507012604104,GBIME,32,57,210,441.0,92610.0
2015-07-01,201507012603905,GBIME,47,57,100,438.0,43800.0
2015-07-01,201507012603904,GBIME,47,57,100,438.0,43800.0
2015-07-01,201507012603903,GBIME,11,57,250,438.0,109500.0
2015-07-01,201507012603902,GBIME,8,57,1000,440.0,440000.0
2015-07-01,201507012603901,GBIME,4,57,90,440.0,39600.0
2015-07-01,201507012603649,GBIME,45,35,100,443.0,44300.0
2015-07-01,201507012603732,GBIME,22,48,100,442.0,44200.0
2015-07-01,201507012603731,GBIME,21,48,100,442.0,44200.0
2015-07-01,201507012603730,GBIME,22,48,100,442.0,44200.0
2015-07-01,201507012603729,GBIME,51,48,80,443.0,35440.0
2015-07-01,201507012603668,GBIME,22,35,100,442.0,44200.0
2015-07-01,201507012603657,GBIME,45,35,100,442.0,44200.0
2015-07-01,201507012603900,GBIME,6,57,250,441.0,110250.0
2015-07-01,201507012603756,GBIME,19,37,404,441.0,178164.0
2015-07-01,201507012603736,GBIME,4,48,410,440.0,180400.0
2015-07-01,201507012603735,GBIME,43,48,500,440.0,220000.0
2015-07-01,201507012603734,GBIME,29,48,300,440.0,132000.0
2015-07-01,201507012603733,GBIME,6,48,410,441.0,180810.0
2015-07-01,201507012603788,GFCL,7,11,20,205.0,4100.0
2015-07-01,201507012604046,GLICL,22,17,193,558.0,107694.0
2015-07-01,201507012604013,GLICL,43,16,28,569.0,15932.0
2015-07-01,201507012603817,GLICL,4,50,500,571.0,285500.0
2015-07-01,201507012603816,GLICL,32,50,200,572.0,114400.0
2015-07-01,201507012603815,GLICL,20,50,500,575.0,287500.0
2015-07-01,201507012603713,GLICL,59,57,125,576.0,72000.0
2015-07-01,201507012603708,GLICL,22,44,500,577.0,288500.0
2015-07-01,201507012603678,GLICL,5,34,722,579.0,418038.0
2015-07-01,201507012603780,HBL,11,45,80,821.0,65680.0
2015-07-01,201507012603966,HBL,36,28,20,825.0,16500.0
2015-07-01,201507012603965,HBL,36,7,26,824.0,21424.0
2015-07-01,201507012603844,ILFC,48,22,420,153.0,64260.0
2015-07-01,201507012604048,JBBL,17,17,32,162.0,5184.0
2015-07-01,201507012603670,JBBL,29,53,10,161.0,1610.0
2015-07-01,201507012604089,JBNL,36,13,200,270.0,54000.0
2015-07-01,201507012604078,JBNL,22,13,67,274.0,18358.0
2015-07-01,201507012604062,JBNL,29,13,100,275.0,27500.0
2015-07-01,201507012603914,JBNL,19,32,50,274.0,13700.0
2015-07-01,201507012603908,JBNL,5,4,223,270.0,60210.0
2015-07-01,201507012603906,JBNL,5,46,120,270.0,32400.0
2015-07-01,201507012603892,JBNL,8,46,1000,270.0,270000.0
2015-07-01,201507012603805,JBNL,38,4,423,271.0,114633.0
2015-07-01,201507012603784,JBNL,29,26,15,275.0,4125.0
2015-07-01,201507012604059,KAFIL,1,35,100,232.0,23200.0
2015-07-01,201507012604012,KAFIL,1,35,212,232.0,49184.0
2015-07-01,201507012603933,KAFIL,13,50,259,235.0,60865.0
2015-07-01,201507012603877,KAFIL,13,50,114,238.0,27132.0
2015-07-01,201507012604112,KBBL,41,45,99,359.0,35541.0
2015-07-01,201507012604108,KBBL,41,50,200,359.0,71800.0
2015-07-01,201507012604052,KBBL,29,6,75,359.0,26925.0
2015-07-01,201507012604126,KBL,38,34,200,377.0,75400.0
2015-07-01,201507012603801,KBL,14,29,80,380.0,30400.0
2015-07-01,201507012603771,KBL,45,16,967,375.0,362625.0
2015-07-01,201507012604045,KDBL,28,17,10,143.0,1430.0
2015-07-01,201507012603945,KDBL,28,53,27,143.0,3861.0
2015-07-01,201507012603940,KDBL,28,25,254,143.0,36322.0
2015-07-01,201507012603796,KDBL,5,5,85,143.0,12155.0
2015-07-01,201507012603777,KDBL,51,45,78,143.0,11154.0
2015-07-01,201507012603761,KDBL,28,45,488,144.0,70272.0
2015-07-01,201507012603654,KDBL,32,53,21,145.0,3045.0
2015-07-01,201507012603809,KEBL,26,8,81,368.0,29808.0
2015-07-01,201507012603778,KMCDB,36,26,100,1045.0,104500.0
2015-07-01,201507012604137,KRBL,1,1,50,262.0,13100.0
2015-07-01,201507012604115,KRBL,1,1,50,258.0,12900.0
2015-07-01,201507012604087,KRBL,1,44,10,263.0,2630.0
2015-07-01,201507012604044,LBL,7,11,90,407.0,36630.0
2015-07-01,201507012603860,LBL,40,38,317,404.0,128068.0
2015-07-01,201507012603660,LBL,21,21,500,405.0,202500.0
2015-07-01,201507012603897,LGIL,59,36,300,370.0,111000.0
2015-07-01,201507012603896,LGIL,59,36,300,370.0,111000.0
2015-07-01,201507012603895,LGIL,59,36,200,370.0,74000.0
2015-07-01,201507012603894,LGIL,36,49,20,376.0,7520.0
2015-07-01,201507012604114,LICN,14,14,212,2859.0,606108.0
2015-07-01,201507012604110,LICN,57,32,223,2875.0,641125.0
2015-07-01,201507012604109,LICN,57,8,100,2870.0,287000.0
2015-07-01,201507012604093,LICN,16,37,39,2860.0,111540.0
2015-07-01,201507012604032,LICN,26,21,100,2860.0,286000.0
2015-07-01,201507012604014,LICN,58,58,40,2897.0,115880.0
2015-07-01,201507012603955,LICN,14,14,30,2900.0,87000.0
2015-07-01,201507012603861,LICN,50,53,50,2880.0,144000.0
2015-07-01,201507012603706,LICN,28,49,200,2900.0,580000.0
2015-07-01,201507012603705,LICN,5,49,40,2900.0,116000.0
2015-07-01,201507012603692,LICN,37,26,100,2901.0,290100.0
2015-07-01,201507012603682,LICN,50,7,100,2905.0,290500.0
2015-07-01,201507012604023,LUBL,21,56,500,340.0,170000.0
2015-07-01,201507012604022,LUBL,20,56,500,340.0,170000.0
2015-07-01,201507012603963,LUBL,13,34,300,341.0,102300.0
2015-07-01,201507012603939,LUBL,43,14,500,341.0,170500.0
2015-07-01,201507012603938,LUBL,38,14,100,342.0,34200.0
2015-07-01,201507012603937,LUBL,43,14,100,342.0,34200.0
2015-07-01,201507012603836,LUBL,42,56,116,341.0,39556.0
2015-07-01,201507012603691,LUBL,38,48,45,342.0,15390.0
2015-07-01,201507012603936,LUBL,13,14,90,343.0,30870.0
2015-07-01,201507012603922,LUBL,40,14,1000,340.0,340000.0
2015-07-01,201507012604011,MBL,49,1,180,559.0,100620.0
2015-07-01,201507012603990,MBL,48,34,224,556.0,124544.0
2015-07-01,201507012603983,MBL,57,4,133,557.0,74081.0
2015-07-01,201507012603954,MBL,33,18,112,558.0,62496.0
2015-07-01,201507012603880,MBL,48,4,69,556.0,38364.0
2015-07-01,201507012603870,MBL,48,4,150,556.0,83400.0
2015-07-01,201507012603840,MBL,33,18,100,558.0,55800.0
2015-07-01,201507012603688,MBL,29,32,125,560.0,70000.0
2015-07-01,201507012603651,MBL,48,48,224,560.0,125440.0
2015-07-01,201507012603995,MDB,41,50,17,510.0,8670.0
2015-07-01,201507012604103,MDBL,32,36,100,235.0,23500.0
2015-07-01,201507012603797,MDBL,35,8,200,234.0,46800.0
2015-07-01,201507012604017,MDBL,35,13,286,236.0,67496.0
2015-07-01,201507012604133,METRO,1,52,55,338.0,18590.0
2015-07-01,201507012604010,METRO,32,16,455,338.0,153790.0
2015-07-01,201507012604072,NABIL,22,32,200,1896.0,379200.0
2015-07-01,201507012604071,NABIL,29,32,100,1897.0,189700.0
2015-07-01,201507012604070,NABIL,43,32,100,1900.0,190000.0
2015-07-01,201507012604069,NABIL,41,32,10,1900.0,19000.0
2015-07-01,201507012603985,NABIL,36,44,100,1904.0,190400.0
2015-07-01,201507012603984,NABIL,36,25,200,1903.0,380600.0
2015-07-01,201507012603930,NABIL,25,25,200,1900.0,380000.0
2015-07-01,201507012604135,NABILP,28,33,18,1310.0,23580.0
2015-07-01,201507012603928,NABILP,59,33,100,1308.0,130800.0
2015-07-01,201507012603927,NABILP,40,33,500,1309.0,654500.0
2015-07-01,201507012603926,NABILP,40,33,200,1310.0,262000.0
2015-07-01,201507012603925,NABILP,17,33,100,1310.0,131000.0
2015-07-01,201507012604136,NBB,26,34,100,517.0,51700.0
2015-07-01,201507012604125,NBB,39,1,10,517.0,5170.0
2015-07-01,201507012604106,NBB,10,10,456,516.0,235296.0
2015-07-01,201507012604075,NBB,33,45,363,516.0,187308.0
2015-07-01,201507012604067,NBB,26,32,99,518.0,51282.0
2015-07-01,201507012604038,NBB,26,34,325,517.0,168025.0
2015-07-01,201507012603775,NBB,10,34,1000,515.0,515000.0
2015-07-01,201507012603763,NBB,51,50,55,516.0,28380.0
2015-07-01,201507012603754,NBB,33,34,100,517.0,51700.0
2015-07-01,201507012603709,NBB,46,41,100,519.0,51900.0
2015-07-01,201507012603672,NBB,51,21,605,517.0,312785.0
2015-07-01,201507012603916,NBB,51,34,550,516.0,283800.0
2015-07-01,201507012603842,NBB,33,34,400,516.0,206400.0
2015-07-01,201507012603839,NBB,33,34,100,517.0,51700.0
2015-07-01,201507012603828,NBB,33,16,127,516.0,65532.0
2015-07-01,201507012603806,NBB,33,34,100,517.0,51700.0
2015-07-01,201507012603786,NBB,10,45,650,515.0,334750.0
2015-07-01,201507012604113,NBL,32,35,500,284.0,142000.0
2015-07-01,201507012603793,NBL,32,44,1000,284.0,284000.0
2015-07-01,201507012603792,NBL,45,44,500,284.0,142000.0
2015-07-01,201507012603791,NBL,51,44,500,284.0,142000.0
2015-07-01,201507012603726,NBL,22,5,1000,285.0,285000.0
2015-07-01,201507012603707,NBL,35,5,1000,285.0,285000.0
2015-07-01,201507012603972,NCCB,13,19,391,447.0,174777.0
2015-07-01,201507012603942,NCCB,11,38,80,447.0,35760.0
2015-07-01,201507012603824,NCCB,11,48,100,450.0,45000.0
2015-07-01,201507012603769,NCCB,37,48,455,449.0,204295.0
2015-07-01,201507012603969,NCM,19,17,50,229.0,11450.0
2015-07-01,201507012604073,NHPC,49,38,1000,119.0,119000.0
2015-07-01,201507012603666,NHPC,41,45,400,118.0,47200.0
2015-07-01,201507012604043,NIB,33,19,300,715.0,214500.0
2015-07-01,201507012603782,NIB,52,45,76,712.0,54112.0
2015-07-01,201507012603833,NIBPO,59,28,500,505.0,252500.0
2015-07-01,201507012603799,NIBPO,55,28,1000,505.0,505000.0
2015-07-01,201507012603757,NIBPO,8,14,500,506.0,253000.0
2015-07-01,201507012603961,NIBPO,51,43,500,507.0,253500.0
2015-07-01,201507012604018,NICA,42,29,34,615.0,20910.0
2015-07-01,201507012603924,NICA,36,16,11,615.0,6765.0
2015-07-01,201507012603832,NICA,16,55,12,612.0,7344.0
2015-07-01,201507012603823,NICA,33,53,20,622.0,12440.0
2015-07-01,201507012603790,NICA,21,50,12,614.0,7368.0
2015-07-01,201507012603762,NICA,45,45,12,615.0,7380.0
2015-07-01,201507012603755,NICA,45,45,286,614.0,175604.0
2015-07-01,201507012603687,NICA,21,21,270,616.0,166320.0
2015-07-01,201507012603686,NICA,21,41,127,616.0,78232.0
2015-07-01,201507012603679,NICA,16,53,46,616.0,28336.0
2015-07-01,201507012603667,NICA,7,59,500,615.0,307500.0
2015-07-01,201507012604134,NICL,45,45,90,406.0,36540.0
2015-07-01,201507012603890,NICL,33,11,81,408.0,33048.0
2015-07-01,201507012603889,NICL,33,48,50,407.0,20350.0
2015-07-01,201507012603838,NICL,11,57,150,405.0,60750.0
2015-07-01,201507012603680,NICL,33,16,500,401.0,200500.0
2015-07-01,201507012603827,NICL,36,57,150,404.0,60600.0
2015-07-01,201507012603821,NICL,46,48,100,405.0,40500.0
2015-07-01,201507012603794,NICL,38,43,500,403.0,201500.0
2015-07-01,201507012603753,NICL,33,16,2000,400.0,800000.0
2015-07-01,201507012603738,NICL,36,48,101,404.0,40804.0
2015-07-01,201507012603684,NICL,33,48,194,404.0,78376.0
2015-07-01,201507012603776,NIL,7,1,200,451.0,90200.0
2015-07-01,201507012603907,NLBBL,52,53,152,1195.0,181640.0
2015-07-01,201507012603820,NLBBL,38,53,150,1195.0,179250.0
2015-07-01,201507012604063,NLG,48,49,96,569.0,54624.0
2015-07-01,201507012604056,NLG,56,49,450,570.0,256500.0
2015-07-01,201507012604055,NLG,21,49,100,570.0,57000.0
2015-07-01,201507012604054,NLG,38,49,150,571.0,85650.0
2015-07-01,201507012604049,NLG,39,7,341,571.0,194711.0
2015-07-01,201507012603996,NLG,36,58,25,574.0,14350.0
2015-07-01,201507012603952,NLG,36,1,15,574.0,8610.0
2015-07-01,201507012603943,NLG,53,50,15,575.0,8625.0
2015-07-01,201507012603934,NLG,53,14,104,579.0,60216.0
2015-07-01,201507012603929,NLG,53,17,25,577.0,14425.0
2015-07-01,201507012604041,NLIC,49,14,1079,2880.0,3107520.0
2015-07-01,201507012604016,NLIC,34,14,100,2881.0,288100.0
2015-07-01,201507012604015,NLIC,21,14,100,2882.0,288200.0
2015-07-01,201507012603935,NLIC,34,17,100,2885.0,288500.0
2015-07-01,201507012603795,NLIC,34,14,200,2881.0,576200.0
2015-07-01,201507012603773,NLIC,25,14,100,2881.0,288100.0
2015-07-01,201507012603641,NLIC,28,14,200,2900.0,580000.0
2015-07-01,201507012603772,NLIC,38,14,500,2890.0,1445000.0
2015-07-01,201507012603768,NLIC,1,14,500,2885.0,1442500.0
2015-07-01,201507012603767,NLIC,19,14,100,2889.0,288900.0
2015-07-01,201507012603766,NLIC,17,14,50,2890.0,144500.0
2015-07-01,201507012603765,NLIC,45,14,100,2892.0,289200.0
2015-07-01,201507012603764,NLIC,45,14,50,2900.0,145000.0
2015-07-01,201507012604139,NLICL,25,41,200,1878.0,375600.0
2015-07-01,201507012604128,NLICL,49,54,200,1880.0,376000.0
2015-07-01,201507012604124,NLICL,49,44,250,1880.0,470000.0
2015-07-01,201507012604123,NLICL,43,44,50,1880.0,94000.0
2015-07-01,201507012604122,NLICL,43,44,200,1881.0,376200.0
2015-07-01,201507012604121,NLICL,21,44,100,1881.0,188100.0
2015-07-01,201507012604036,NLICL,7,54,100,1890.0,189000.0
2015-07-01,201507012603752,NLICL,10,3,47,1900.0,89300.0
2015-07-01,201507012603727,NLICL,49,50,490,1885.0,923650.0
2015-07-01,201507012604120,NLICL,14,44,100,1882.0,188200.0
2015-07-01,201507012604119,NLICL,8,44,90,1883.0,169470.0
2015-07-01,201507012604118,NLICL,49,44,10,1885.0,18850.0
2015-07-01,201507012604117,NLICL,14,44,100,1885.0,188500.0
2015-07-01,201507012604116,NLICL,58,44,100,1887.0,188700.0
2015-07-01,201507012604088,NLICL,49,50,550,1880.0,1034000.0
2015-07-01,201507012604095,NUBL,41,43,55,1280.0,70400.0
2015-07-01,201507012603958,NUBL,57,58,300,1275.0,382500.0
2015-07-01,201507012603923,NUBL,29,45,250,1270.0,317500.0
2015-07-01,201507012603829,NUBL,45,8,47,1265.0,59455.0
2015-07-01,201507012603747,NUBL,29,20,135,1265.0,170775.0
2015-07-01,201507012603695,NUBL,41,44,75,1270.0,95250.0
2015-07-01,201507012603960,OHL,53,59,90,617.0,55530.0
2015-07-01,201507012603957,OHL,32,45,1000,611.0,611000.0
2015-07-01,201507012603813,OHL,33,59,500,611.0,305500.0
2015-07-01,201507012603740,OHL,5,59,200,612.0,122400.0
2015-07-01,201507012604132,PCBL,25,43,150,447.0,67050.0
2015-07-01,201507012603879,PCBL,39,39,30,448.0,13440.0
2015-07-01,201507012603878,PCBL,39,29,22,448.0,9856.0
2015-07-01,201507012603751,PCBL,13,34,138,448.0,61824.0
2015-07-01,201507012603742,PCBL,22,48,45,449.0,20205.0
2015-07-01,201507012603725,PCBL,25,34,392,447.0,175224.0
2015-07-01,201507012603662,PCBL,25,53,158,448.0,70784.0
2015-07-01,201507012603653,PCBL,25,17,105,448.0,47040.0
2015-07-01,201507012604061,PIC,22,44,100,492.0,49200.0
2015-07-01,201507012604060,PIC,22,44,200,492.0,98400.0
2015-07-01,201507012604092,PICL,55,58,100,412.0,41200.0
2015-07-01,201507012604105,PLIC,38,52,50,1166.0,58300.0
2015-07-01,201507012604091,PLIC,5,49,200,1170.0,234000.0
2015-07-01,201507012604090,PLIC,18,49,270,1170.0,315900.0
2015-07-01,201507012604084,PLIC,18,49,730,1170.0,854100.0
2015-07-01,201507012604083,PLIC,14,49,150,1171.0,175650.0
2015-07-01,201507012604082,PLIC,14,49,200,1172.0,234400.0
2015-07-01,201507012603750,PLIC,10,45,100,1180.0,118000.0
2015-07-01,201507012603749,PLIC,10,49,40,1179.0,47160.0
2015-07-01,201507012603724,PLIC,38,49,200,1175.0,235000.0
2015-07-01,201507012603699,PLIC,8,52,10,1176.0,11760.0
2015-07-01,201507012603673,PLIC,32,44,132,1175.0,155100.0
2015-07-01,201507012603650,PLIC,18,16,567,1170.0,663390.0
2015-07-01,201507012604081,PLIC,34,49,210,1172.0,246120.0
2015-07-01,201507012604080,PLIC,46,49,50,1173.0,58650.0
2015-07-01,201507012604079,PLIC,45,49,160,1175.0,188000.0
2015-07-01,201507012604028,PLIC,32,57,185,1176.0,217560.0
2015-07-01,201507012603956,PLIC,45,55,40,1175.0,47000.0
2015-07-01,201507012603787,PLIC,14,26,81,1171.0,94851.0
2015-07-01,201507012603913,PRIN,22,5,100,412.0,41200.0
2015-07-01,201507012603781,PRIN,19,54,200,410.0,82000.0
2015-07-01,201507012604098,PRVU,34,35,243,321.0,78003.0
2015-07-01,201507012604006,PRVU,14,48,100,324.0,32400.0
2015-07-01,201507012603991,PRVU,48,14,253,323.0,81719.0
2015-07-01,201507012603970,PRVU,46,48,200,324.0,64800.0
2015-07-01,201507012603964,PRVU,5,10,1000,320.0,320000.0
2015-07-01,201507012603712,PRVU,33,59,107,322.0,34454.0
2015-07-01,201507012603671,PRVU,33,41,35,324.0,11340.0
2015-07-01,201507012603951,PRVU,16,48,200,324.0,64800.0
2015-07-01,201507012603950,PRVU,33,48,400,324.0,129600.0
2015-07-01,201507012603949,PRVU,40,48,60,324.0,19440.0
2015-07-01,201507012603647,PURBL,19,4,40,341.0,13640.0
2015-07-01,201507012604100,RHPC,50,50,11,414.0,4554.0
2015-07-01,201507012604099,RHPC,50,50,11,414.0,4554.0
2015-07-01,201507012604097,RHPC,50,50,11,414.0,4554.0
2015-07-01,201507012604096,RHPC,50,50,11,414.0,4554.0
2015-07-01,201507012604051,RHPC,45,58,12,412.0,4944.0
2015-07-01,201507012603944,RHPC,13,51,12,415.0,4980.0
2015-07-01,201507012603663,RHPC,13,41,12,415.0,4980.0
2015-07-01,201507012603659,RHPC,13,41,12,415.0,4980.0
2015-07-01,201507012603646,RHPC,45,51,12,415.0,4980.0
2015-07-01,201507012603645,RHPC,45,51,12,415.0,4980.0
2015-07-01,201507012603644,RHPC,13,13,11,415.0,4565.0
2015-07-01,201507012604004,SADBL,16,28,50,328.0,16400.0
2015-07-01,201507012603915,SADBL,36,45,1000,325.0,325000.0
2015-07-01,201507012603981,SANIMA,36,32,300,552.0,165600.0
2015-07-01,201507012603980,SANIMA,47,32,100,552.0,55200.0
2015-07-01,201507012603979,SANIMA,47,32,100,552.0,55200.0
2015-07-01,201507012603978,SANIMA,29,32,300,553.0,165900.0
2015-07-01,201507012603977,SANIMA,37,32,500,554.0,277000.0
2015-07-01,201507012603976,SANIMA,33,32,100,554.0,55400.0
2015-07-01,201507012603669,SANIMA,13,37,200,555.0,111000.0
2015-07-01,201507012603975,SANIMA,19,32,50,555.0,27750.0
2015-07-01,201507012603974,SANIMA,44,32,10,555.0,5550.0
2015-07-01,201507012603874,SANIMA,45,18,41,558.0,22878.0
2015-07-01,201507012603825,SANIMA,34,59,231,555.0,128205.0
2015-07-01,201507012603746,SANIMA,19,37,200,555.0,111000.0
2015-07-01,201507012603675,SANIMA,44,37,100,555.0,55500.0
2015-07-01,201507012603798,SBI,14,45,60,900.0,54000.0
2015-07-01,201507012603872,SBL,13,59,91,667.0,60697.0
2015-07-01,201507012603783,SBL,7,28,12,667.0,8004.0
2015-07-01,201507012603721,SBL,16,28,1000,665.0,665000.0
2015-07-01,201507012603698,SBL,13,21,413,666.0,275058.0
2015-07-01,201507012603876,SBLPO,26,16,10,306.0,3060.0
2015-07-01,201507012603871,SBLPO,26,16,10,310.0,3100.0
2015-07-01,201507012603869,SBLPO,26,16,10,316.0,3160.0
2015-07-01,201507012603866,SBLPO,26,16,10,322.0,3220.0
2015-07-01,201507012603856,SBLPO,26,16,10,328.0,3280.0
2015-07-01,201507012604064,SCB,36,3,100,1901.0,190100.0
2015-07-01,201507012604057,SCB,36,3,100,1901.0,190100.0
2015-07-01,201507012603947,SCB,25,25,64,1900.0,121600.0
2015-07-01,201507012603803,SCB,46,3,30,1930.0,57900.0
2015-07-01,201507012603800,SCB,13,3,690,1902.0,1312380.0
2015-07-01,201507012603851,SEOS,21,47,500,9.89,4945.0
2015-07-01,201507012603642,SETI,32,10,27,200.0,5400.0
2015-07-01,201507012603959,SEWA,21,50,73,271.0,19783.0
2015-07-01,201507012603697,SEWA,13,42,200,273.0,54600.0
2015-07-01,201507012603694,SEWA,13,47,18,272.0,4896.0
2015-07-01,201507012603693,SEWA,13,47,18,272.0,4896.0
2015-07-01,201507012603690,SEWA,13,47,18,272.0,4896.0
2015-07-01,201507012603992,SHINE,13,28,1000,337.0,337000.0
2015-07-01,201507012603986,SHINE,21,28,303,340.0,103020.0
2015-07-01,201507012603849,SHINE,13,45,445,343.0,152635.0
2015-07-01,201507012603841,SHINE,43,45,92,344.0,31648.0
2015-07-01,201507012603910,SHINE,43,28,500,342.0,171000.0
2015-07-01,201507012603831,SHL,46,25,500,427.0,213500.0
2015-07-01,201507012604107,SHPC,10,38,18,690.0,12420.0
2015-07-01,201507012604025,SHPC,39,26,148,691.0,102268.0
2015-07-01,201507012603855,SHPC,10,4,18,690.0,12420.0
2015-07-01,201507012603854,SHPC,10,6,10,690.0,6900.0
2015-07-01,201507012603846,SHPC,10,6,10,690.0,6900.0
2015-07-01,201507012603845,SHPC,10,6,10,690.0,6900.0
2015-07-01,201507012603826,SHPC,10,7,10,690.0,6900.0
2015-07-01,201507012603818,SHPC,22,7,10,691.0,6910.0
2015-07-01,201507012603811,SHPC,10,7,10,690.0,6900.0
2015-07-01,201507012603810,SHPC,10,7,10,690.0,6900.0
2015-07-01,201507012603804,SIC,14,20,25,801.0,20025.0
2015-07-01,201507012603779,SIC,11,21,14,786.0,11004.0
2015-07-01,201507012604077,SICL,38,42,172,685.0,117820.0
2015-07-01,201507012603994,SICL,47,38,10,682.0,6820.0
2015-07-01,201507012603993,SICL,47,53,100,682.0,68200.0
2015-07-01,201507012603987,SICL,21,38,91,685.0,62335.0
2015-07-01,201507012603920,SICL,38,38,100,686.0,68600.0
2015-07-01,201507012603888,SICL,17,38,200,687.0,137400.0
2015-07-01,201507012603867,SICL,45,38,200,687.0,137400.0
2015-07-01,201507012603834,SICL,43,35,378,688.0,260064.0
2015-07-01,201507012603830,SICL,43,38,100,690.0,69000.0
2015-07-01,201507012603728,SKBBL,39,48,10,1310.0,13100.0
2015-07-01,201507012603681,SLBBL,45,45,103,1581.0,162843.0
2015-07-01,201507012604138,SLICL,43,43,34,681.0,23154.0
2015-07-01,201507012604127,SLICL,43,43,34,681.0,23154.0
2015-07-01,201507012604111,SLICL,43,43,34,679.0,23086.0
2015-07-01,201507012604101,SLICL,43,43,34,679.0,23086.0
2015-07-01,201507012604085,SLICL,43,43,34,680.0,23120.0
2015-07-01,201507012604068,SLICL,43,43,34,680.0,23120.0
2015-07-01,201507012603710,SLICL,22,5,34,675.0,22950.0
2015-07-01,201507012603656,SLICL,57,42,49,675.0,33075.0
2015-07-01,201507012603648,SLICL,11,42,45,675.0,30375.0
2015-07-01,201507012603643,SLICL,39,42,31,677.0,20987.0
2015-07-01,201507012603875,SLICL,45,41,74,683.0,50542.0
2015-07-01,201507012603720,SLICL,28,17,34,680.0,23120.0
2015-07-01,201507012603716,SLICL,28,8,460,680.0,312800.0
2015-07-01,201507012604065,SLICL,57,33,137,676.0,92612.0
2015-07-01,201507012604050,SLICL,7,33,200,676.0,135200.0
2015-07-01,201507012604008,SLICL,22,17,500,675.0,337500.0
2015-07-01,201507012604003,SLICL,45,48,260,678.0,176280.0
2015-07-01,201507012603932,SLICL,45,13,181,682.0,123442.0
2015-07-01,201507012603946,SRBL,45,34,500,413.0,206500.0
2015-07-01,201507012603722,SUBBL,43,13,100,253.0,25300.0
2015-07-01,201507012603696,SUBBL,51,50,54,255.0,13770.0
2015-07-01,201507012603689,SUBBL,25,45,19,255.0,4845.0
2015-07-01,201507012604000,SWBBL,33,7,122,1616.0,197152.0
2015-07-01,201507012603899,SWBBL,33,32,112,1615.0,180880.0
2015-07-01,201507012603819,SWBBL,33,56,99,1620.0,160380.0
2015-07-01,201507012603948,SYFL,1,35,200,96.0,19200.0
2015-07-01,201507012603982,UIC,39,44,100,409.0,40900.0
2015-07-01,201507012604026,WDBL,44,48,13,300.0,3900.0
2015-07-01,201507012603912,WDBL,44,58,12,300.0,3600.0
2015-07-01,201507012603247,ADBL,5,51,90,408.0,36720.0
2015-07-01,201507012603162,ADBL,29,6,50,409.0,20450.0
2015-07-01,201507012603589,AHPC,17,25,13,325.0,4225.0
2015-07-01,201507012603581,AHPC,5,35,1000,320.0,320000.0
2015-07-01,201507012603206,AHPC,41,22,70,322.0,22540.0
2015-07-01,201507012603425,ALDBL,25,39,10,318.0,3180.0
2015-07-01,201507012603328,ALDBL,25,39,10,312.0,3120.0
2015-07-01,201507012603423,ALICL,39,48,200,1022.0,204400.0
2015-07-01,201507012603337,ALICL,22,48,200,1017.0,203400.0
2015-07-01,201507012603263,ALICL,34,37,90,1024.0,92160.0
2015-07-01,201507012603250,ALICL,4,37,100,1020.0,102000.0
2015-07-01,201507012603210,ALICL,14,17,89,1028.0,91492.0
2015-07-01,201507012603190,ALICL,11,11,300,1025.0,307500.0
2015-07-01,201507012603417,APEX,39,39,1000,120.0,120000.0
2015-07-01,201507012603269,APEX,39,25,20,120.0,2400.0
2015-07-01,201507012603265,APEX,39,32,160,119.0,19040.0
2015-07-01,201507012603230,APEX,16,32,366,117.0,42822.0
2015-07-01,201507012603548,ARDBL,33,5,201,164.0,32964.0
2015-07-01,201507012603457,ARDBL,39,39,73,165.0,12045.0
2015-07-01,201507012603432,ARDBL,16,20,500,166.0,83000.0
2015-07-01,201507012603330,ARDBL,1,17,73,165.0,12045.0
2015-07-01,201507012603159,ARDBL,1,20,300,166.0,49800.0
2015-07-01,201507012603554,BHBL,50,16,70,300.0,21000.0
2015-07-01,201507012603521,BLDBL,20,16,72,319.0,22968.0
2015-07-01,201507012603433,BLDBL,47,42,110,320.0,35200.0
2015-07-01,201507012603361,BLDBL,47,42,196,320.0,62720.0
2015-07-01,201507012603374,BPCL,48,28,500,620.0,310000.0
2015-07-01,201507012603373,BPCL,7,28,500,620.0,310000.0
2015-07-01,201507012603295,BUDBL,42,32,77,200.0,15400.0
2015-07-01,201507012603411,CBBL,32,32,100,1660.0,166000.0
2015-07-01,201507012603410,CBBL,32,32,100,1660.0,166000.0
2015-07-01,201507012603473,CBBL,32,32,100,1661.0,166100.0
2015-07-01,201507012603424,CBBL,32,32,259,1660.0,429940.0
2015-07-01,201507012603414,CBBL,32,32,100,1660.0,166000.0
2015-07-01,201507012603413,CBBL,32,32,100,1660.0,166000.0
2015-07-01,201507012603475,CBBL,32,32,100,1661.0,166100.0
2015-07-01,201507012603474,CBBL,32,32,100,1661.0,166100.0
2015-07-01,201507012603467,CBL,35,35,17,271.0,4607.0
2015-07-01,201507012603449,CBL,35,35,28,271.0,7588.0
2015-07-01,201507012603311,CBL,47,39,133,270.0,35910.0
2015-07-01,201507012603209,CBL,47,16,320,270.0,86400.0
2015-07-01,201507012603208,CBL,19,16,280,271.0,75880.0
2015-07-01,201507012603603,CCBL,48,48,220,318.0,69960.0
2015-07-01,201507012603568,CCBL,48,50,500,318.0,159000.0
2015-07-01,201507012603541,CCBL,26,39,32,318.0,10176.0
2015-07-01,201507012603514,CCBL,48,47,119,318.0,37842.0
2015-07-01,201507012603513,CCBL,48,50,500,318.0,159000.0
2015-07-01,201507012603501,CCBL,26,39,16,318.0,5088.0
2015-07-01,201507012603378,CCBL,49,51,153,318.0,48654.0
2015-07-01,201507012603166,CDBL,16,50,49,321.0,15729.0
2015-07-01,201507012603620,CHCL,1,41,28,1555.0,43540.0
2015-07-01,201507012603579,CHCL,45,11,123,1554.0,191142.0
2015-07-01,201507012603520,CHCL,45,11,170,1554.0,264180.0
2015-07-01,201507012603516,CHCL,45,11,100,1554.0,155400.0
2015-07-01,201507012603505,CHCL,36,56,57,1557.0,88749.0
2015-07-01,201507012603497,CHCL,36,29,22,1557.0,34254.0
2015-07-01,201507012603167,CHCL,34,43,250,1557.0,389250.0
2015-07-01,201507012603146,CHCL,45,21,100,1558.0,155800.0
2015-07-01,201507012603372,CHCL,50,21,62,1559.0,96658.0
2015-07-01,201507012603366,CHCL,36,17,78,1556.0,121368.0
2015-07-01,201507012603232,CHCL,36,36,18,1557.0,28026.0
2015-07-01,201507012603184,CHCL,14,51,50,1558.0,77900.0
2015-07-01,201507012603181,CHCL,14,51,45,1558.0,70110.0
2015-07-01,201507012603179,CHCL,14,51,38,1558.0,59204.0
2015-07-01,201507012603274,CSDBL,45,16,29,367.0,10643.0
2015-07-01,201507012603598,CZBIL,41,48,200,454.0,90800.0
2015-07-01,201507012603363,CZBIL,56,51,636,454.0,288744.0
2015-07-01,201507012603239,CZBIL,58,17,190,451.0,85690.0
2015-07-01,201507012603203,CZBIL,58,17,168,451.0,75768.0
2015-07-01,201507012603173,CZBIL,58,26,124,451.0,55924.0
2015-07-01,201507012603169,CZBIL,43,44,100,455.0,45500.0
2015-07-01,201507012603168,CZBIL,56,44,1000,455.0,455000.0
2015-07-01,201507012603464,EBL,43,53,100,2093.0,209300.0
2015-07-01,201507012603354,EBL,5,1,68,2101.0,142868.0
2015-07-01,201507012603294,EBL,38,53,100,2096.0,209600.0
2015-07-01,201507012603286,EBL,22,53,200,2097.0,419400.0
2015-07-01,201507012603243,EBL,32,29,116,2100.0,243600.0
2015-07-01,201507012603234,EBL,32,45,26,2100.0,54600.0
2015-07-01,201507012603216,EBL,32,59,121,2095.0,253495.0
2015-07-01,201507012603186,EBL,45,44,50,2100.0,105000.0
2015-07-01,201507012603183,EIC,26,26,500,842.0,421000.0
2015-07-01,201507012603245,FMDBL,10,50,350,554.0,193900.0
2015-07-01,201507012603204,FMDBL,29,50,250,560.0,140000.0
2015-07-01,201507012603612,GBIME,19,49,148,444.0,65712.0
2015-07-01,201507012603150,GBIME,42,42,500,448.0,224000.0
2015-07-01,201507012603632,GFCL,7,8,100,201.0,20100.0
2015-07-01,201507012603309,GFCL,47,32,95,200.0,19000.0
2015-07-01,201507012603577,GLICL,59,59,350,580.0,203000.0
2015-07-01,201507012603574,GLICL,57,37,409,580.0,237220.0
2015-07-01,201507012603545,GLICL,49,49,270,579.0,156330.0
2015-07-01,201507012603542,GLICL,49,49,300,579.0,173700.0
2015-07-01,201507012603534,GLICL,22,52,200,577.0,115400.0
2015-07-01,201507012603533,GLICL,20,52,200,577.0,115400.0
2015-07-01,201507012603226,GLICL,3,48,10,577.0,5770.0
2015-07-01,201507012603225,GLICL,7,48,100,577.0,57700.0
2015-07-01,201507012603219,GLICL,7,22,100,577.0,57700.0
2015-07-01,201507012603532,GLICL,14,52,50,578.0,28900.0
2015-07-01,201507012603500,GLICL,5,5,95,579.0,55005.0
2015-07-01,201507012603460,GLICL,11,26,95,578.0,54910.0
2015-07-01,201507012603437,GLICL,45,42,80,581.0,46480.0
2015-07-01,201507012603387,GLICL,45,48,200,581.0,116200.0
2015-07-01,201507012603356,GLICL,45,51,134,580.0,77720.0
2015-07-01,201507012603540,HAMA,47,50,40,152.0,6080.0
2015-07-01,201507012603536,HAMA,47,50,40,152.0,6080.0
2015-07-01,201507012603526,HAMA,47,50,40,152.0,6080.0
2015-07-01,201507012603523,HAMA,47,50,40,152.0,6080.0
2015-07-01,201507012603515,HAMA,47,50,40,152.0,6080.0
2015-07-01,201507012603511,HAMA,47,50,70,152.0,10640.0
2015-07-01,201507012603368,HAMA,47,55,90,152.0,13680.0
2015-07-01,201507012603362,HAMA,47,55,90,152.0,13680.0
2015-07-01,201507012603331,HAMA,7,50,500,153.0,76500.0
2015-07-01,201507012603199,HAMA,47,35,50,152.0,7600.0
2015-07-01,201507012603195,HAMA,17,17,40,153.0,6120.0
2015-07-01,201507012603478,HBL,22,40,350,825.0,288750.0
2015-07-01,201507012603194,HBL,36,42,98,825.0,80850.0
2015-07-01,201507012603622,HGI,38,57,650,415.0,269750.0
2015-07-01,201507012603611,HGI,3,56,10,415.0,4150.0
2015-07-01,201507012603605,HGI,14,56,50,414.0,20700.0
2015-07-01,201507012603602,HGI,17,56,50,406.0,20300.0
2015-07-01,201507012603599,HGI,14,56,50,399.0,19950.0
2015-07-01,201507012603595,HGI,14,57,50,392.0,19600.0
2015-07-01,201507012603396,HGI,39,17,100,385.0,38500.0
2015-07-01,201507012603348,ICFC,13,36,59,252.0,14868.0
2015-07-01,201507012603346,ICFC,13,36,59,252.0,14868.0
2015-07-01,201507012603310,ICFC,13,36,59,252.0,14868.0
2015-07-01,201507012603306,ICFC,13,36,59,252.0,14868.0
2015-07-01,201507012603298,ICFC,13,36,59,252.0,14868.0
2015-07-01,201507012603538,ICFCPO,28,59,11612,136.0,1579232.0
2015-07-01,201507012603524,IDBL,14,21,11,173.0,1903.0
2015-07-01,201507012603484,IDBL,14,5,34,175.0,5950.0
2015-07-01,201507012603483,IDBL,14,44,11,175.0,1925.0
2015-07-01,201507012603482,IDBL,14,11,57,175.0,9975.0
2015-07-01,201507012603479,IDBL,32,51,68,174.0,11832.0
2015-07-01,201507012603491,JBBL,39,26,53,161.0,8533.0
2015-07-01,201507012603488,JBBL,17,26,53,162.0,8586.0
2015-07-01,201507012603487,JBBL,1,26,53,163.0,8639.0
2015-07-01,201507012603375,JBBL,14,26,53,163.0,8639.0
2015-07-01,201507012603358,JBBL,13,35,400,160.0,64000.0
2015-07-01,201507012603349,JBBL,57,17,110,160.0,17600.0
2015-07-01,201507012603341,JBBL,13,17,150,160.0,24000.0
2015-07-01,201507012603180,JBBL,13,45,10,160.0,1600.0
2015-07-01,201507012603170,JBBL,39,45,53,161.0,8533.0
2015-07-01,201507012603492,JBNL,42,4,250,274.0,68500.0
2015-07-01,201507012603438,JBNL,19,39,251,274.0,68774.0
2015-07-01,201507012603430,JBNL,4,4,163,275.0,44825.0
2015-07-01,201507012603409,JBNL,4,4,120,275.0,33000.0
2015-07-01,201507012603364,JBNL,36,14,326,275.0,89650.0
2015-07-01,201507012603202,JBNL,36,14,163,275.0,44825.0
2015-07-01,201507012603197,JBNL,4,14,100,277.0,27700.0
2015-07-01,201507012603196,JBNL,4,28,87,277.0,24099.0
2015-07-01,201507012603192,JBNL,4,28,52,277.0,14404.0
2015-07-01,201507012603630,JFL,32,32,248,383.0,94984.0
2015-07-01,201507012603509,KAFIL,13,14,281,240.0,67440.0
2015-07-01,201507012603323,KAFIL,13,17,96,239.0,22944.0
2015-07-01,201507012603517,KBL,29,28,20,380.0,7600.0
2015-07-01,201507012603435,KBL,29,49,200,381.0,76200.0
2015-07-01,201507012603434,KBL,58,49,100,382.0,38200.0
2015-07-01,201507012603355,KBL,14,44,500,383.0,191500.0
2015-07-01,201507012603217,KBL,45,29,40,385.0,15400.0
2015-07-01,201507012603154,KBL,17,50,115,382.0,43930.0
2015-07-01,201507012603624,KDBL,13,51,33,146.0,4818.0
2015-07-01,201507012603446,KDBL,32,51,43,145.0,6235.0
2015-07-01,201507012603401,KDBL,32,51,21,145.0,3045.0
2015-07-01,201507012603335,KDBL,32,17,63,145.0,9135.0
2015-07-01,201507012603236,KDBL,42,44,41,145.0,5945.0
2015-07-01,201507012603343,KMCDB,58,16,82,1058.0,86756.0
2015-07-01,201507012603573,LBL,40,35,500,405.0,202500.0
2015-07-01,201507012603614,LICN,21,21,100,2910.0,291000.0
2015-07-01,201507012603591,LICN,13,7,110,2912.0,320320.0
2015-07-01,201507012603559,LICN,32,49,100,2915.0,291500.0
2015-07-01,201507012603558,LICN,41,49,10,2915.0,29150.0
2015-07-01,201507012603539,LICN,32,32,96,2916.0,279936.0
2015-07-01,201507012603518,LICN,57,5,186,2925.0,544050.0
2015-07-01,201507012603256,LICN,13,14,100,2915.0,291500.0
2015-07-01,201507012603251,LICN,5,32,50,2923.0,146150.0
2015-07-01,201507012603223,LICN,14,17,52,2900.0,150800.0
2015-07-01,201507012603212,LICN,41,28,10,2907.0,29070.0
2015-07-01,201507012603211,LICN,26,3,12,2870.0,34440.0
2015-07-01,201507012603315,LICN,28,28,2000,2900.0,5800000.0
2015-07-01,201507012603312,LICN,1,32,100,2900.0,290000.0
2015-07-01,201507012603303,LICN,21,3,128,2925.0,374400.0
2015-07-01,201507012603301,LICN,14,32,500,2895.0,1447500.0
2015-07-01,201507012603288,LICN,45,45,1000,2900.0,2900000.0
2015-07-01,201507012603259,LICN,28,17,1000,2900.0,2900000.0
2015-07-01,201507012603450,LICN,45,45,1000,2900.0,2900000.0
2015-07-01,201507012603441,LICN,53,49,100,2924.0,292400.0
2015-07-01,201507012603380,LICN,14,42,100,2940.0,294000.0
2015-07-01,201507012603379,LICN,14,21,90,2939.0,264510.0
2015-07-01,201507012603322,LICN,26,59,100,2935.0,293500.0
2015-07-01,201507012603321,LICN,1,32,50,2900.0,145000.0
2015-07-01,201507012603493,LICN,5,58,50,2940.0,147000.0
2015-07-01,201507012603489,LICN,16,16,109,2920.0,318280.0
2015-07-01,201507012603476,LICN,57,57,1228,2900.0,3561200.0
2015-07-01,201507012603472,LICN,50,3,68,2927.0,199036.0
2015-07-01,201507012603465,LICN,45,45,20,2950.0,59000.0
2015-07-01,201507012603451,LICN,34,49,50,2920.0,146000.0
2015-07-01,201507012603249,LLBS,26,26,10,781.0,7810.0
2015-07-01,201507012603572,LUBL,13,39,105,343.0,36015.0
2015-07-01,201507012603458,LUBL,16,17,350,341.0,119350.0
2015-07-01,201507012603384,LUBL,20,14,1000,340.0,340000.0
2015-07-01,201507012603149,LUBL,40,14,1000,340.0,340000.0
2015-07-01,201507012603142,LUBL,43,14,500,342.0,171000.0
2015-07-01,201507012603141,LUBL,52,14,200,343.0,68600.0
2015-07-01,201507012603597,MBL,26,4,400,559.0,223600.0
2015-07-01,201507012603592,MBL,26,22,269,560.0,150640.0
2015-07-01,201507012603499,MBL,11,22,200,560.0,112000.0
2015-07-01,201507012603428,MBL,53,53,1769,560.0,990640.0
2015-07-01,201507012603367,MBL,22,53,447,562.0,251214.0
2015-07-01,201507012603267,MBL,29,20,1000,561.0,561000.0
2015-07-01,201507012603260,MBL,1,53,1000,562.0,562000.0
2015-07-01,201507012603188,MBL,37,25,164,565.0,92660.0
2015-07-01,201507012603160,MBL,34,22,123,565.0,69495.0
2015-07-01,201507012603214,MDB,58,1,15,510.0,7650.0
2015-07-01,201507012603639,MDBL,35,45,122,236.0,28792.0
2015-07-01,201507012603339,MDBL,35,21,145,240.0,34800.0
2015-07-01,201507012603275,MDBL,35,43,462,239.0,110418.0
2015-07-01,201507012603268,MDBL,35,43,97,238.0,23086.0
2015-07-01,201507012603220,MDBL,21,21,194,239.0,46366.0
2015-07-01,201507012603152,MDBL,35,20,824,239.0,196936.0
2015-07-01,201507012603636,METRO,45,45,12,338.0,4056.0
2015-07-01,201507012603635,METRO,45,45,13,338.0,4394.0
2015-07-01,201507012603576,METRO,44,42,51,335.0,17085.0
2015-07-01,201507012603305,METRO,44,50,123,335.0,41205.0
2015-07-01,201507012603588,NABIL,3,32,10,1905.0,19050.0
2015-07-01,201507012603407,NABIL,41,22,40,1900.0,76000.0
2015-07-01,201507012603406,NABIL,33,22,60,1901.0,114060.0
2015-07-01,201507012603200,NABIL,48,44,200,1901.0,380200.0
2015-07-01,201507012603187,NABIL,11,25,99,1905.0,188595.0
2015-07-01,201507012603627,NBB,10,50,1375,515.0,708125.0
2015-07-01,201507012603626,NBB,29,10,18,517.0,9306.0
2015-07-01,201507012603229,NBB,10,34,156,515.0,80340.0
2015-07-01,201507012603191,NBB,10,35,422,515.0,217330.0
2015-07-01,201507012603178,NBB,56,50,1000,518.0,518000.0
2015-07-01,201507012603172,NBB,10,14,200,520.0,104000.0
2015-07-01,201507012603164,NBB,33,44,200,521.0,104200.0
2015-07-01,201507012603277,NBB,38,48,500,516.0,258000.0
2015-07-01,201507012603253,NBB,40,40,36,516.0,18576.0
2015-07-01,201507012603244,NBB,40,40,36,513.0,18468.0
2015-07-01,201507012603240,NBB,10,50,426,515.0,219390.0
2015-07-01,201507012603359,NBB,51,48,500,518.0,259000.0
2015-07-01,201507012603351,NBB,42,42,200,519.0,103800.0
2015-07-01,201507012603340,NBB,42,8,200,522.0,104400.0
2015-07-01,201507012603316,NBB,51,21,500,518.0,259000.0
2015-07-01,201507012603279,NBB,42,32,133,519.0,69027.0
2015-07-01,201507012603278,NBB,42,7,18,518.0,9324.0
2015-07-01,201507012603419,NBB,51,1,400,516.0,206400.0
2015-07-01,201507012603392,NBB,32,11,126,516.0,65016.0
2015-07-01,201507012603388,NBB,33,50,500,517.0,258500.0
2015-07-01,201507012603454,NBB,32,25,500,518.0,259000.0
2015-07-01,201507012603453,NBB,32,5,300,518.0,155400.0
2015-07-01,201507012603452,NBB,32,38,50,518.0,25900.0
2015-07-01,201507012603448,NBB,32,42,411,517.0,212487.0
2015-07-01,201507012603442,NBB,32,42,55,517.0,28435.0
2015-07-01,201507012603504,NBB,51,21,650,517.0,336050.0
2015-07-01,201507012603502,NBB,51,49,200,516.0,103200.0
2015-07-01,201507012603498,NBB,29,47,30,517.0,15510.0
2015-07-01,201507012603494,NBB,51,22,360,516.0,185760.0
2015-07-01,201507012603490,NBB,33,53,500,517.0,258500.0
2015-07-01,201507012603292,NBBL,46,50,13,1800.0,23400.0
2015-07-01,201507012603287,NBBL,46,17,13,1790.0,23270.0
2015-07-01,201507012603248,NBBL,32,33,11,1790.0,19690.0
2015-07-01,201507012603637,NBL,34,58,1000,284.0,284000.0
2015-07-01,201507012603623,NBL,34,14,262,284.0,74408.0
2015-07-01,201507012603610,NBL,32,14,149,285.0,42465.0
2015-07-01,201507012603584,NBL,50,44,200,285.0,57000.0
2015-07-01,201507012603583,NBL,40,44,300,285.0,85500.0
2015-07-01,201507012603580,NBL,32,14,1000,285.0,285000.0
2015-07-01,201507012603391,NBL,41,41,836,285.0,238260.0
2015-07-01,201507012603353,NBL,18,58,100,286.0,28600.0
2015-07-01,201507012603304,NBL,40,58,500,285.0,142500.0
2015-07-01,201507012603283,NBL,26,8,1000,285.0,285000.0
2015-07-01,201507012603262,NBL,32,14,1000,286.0,286000.0
2015-07-01,201507012603238,NBL,20,44,1500,287.0,430500.0
2015-07-01,201507012603506,NBL,51,45,1000,284.0,284000.0
2015-07-01,201507012603445,NBL,41,44,600,285.0,171000.0
2015-07-01,201507012603444,NBL,38,44,400,285.0,114000.0
2015-07-01,201507012603443,NBL,16,44,100,286.0,28600.0
2015-07-01,201507012603439,NBL,51,59,1000,285.0,285000.0
2015-07-01,201507012603427,NBL,17,59,1000,285.0,285000.0
2015-07-01,201507012603471,NCCB,54,49,200,450.0,90000.0
2015-07-01,201507012603470,NCCB,1,49,200,450.0,90000.0
2015-07-01,201507012603456,NCCB,17,26,200,450.0,90000.0
2015-07-01,201507012603408,NCCB,17,58,100,450.0,45000.0
2015-07-01,201507012603376,NCCB,35,42,1000,445.0,445000.0
2015-07-01,201507012603365,NCCB,42,7,200,451.0,90200.0
2015-07-01,201507012603299,NCCB,21,22,200,456.0,91200.0
2015-07-01,201507012603270,NCCB,8,16,100,457.0,45700.0
2015-07-01,201507012603148,NCCB,32,39,30,458.0,13740.0
2015-07-01,201507012603342,NCCB,42,21,300,451.0,135300.0
2015-07-01,201507012603333,NCCB,47,49,100,454.0,45400.0
2015-07-01,201507012603320,NCCB,39,49,100,455.0,45500.0
2015-07-01,201507012603319,NCCB,47,49,200,455.0,91000.0
2015-07-01,201507012603318,NCCB,21,49,200,456.0,91200.0
2015-07-01,201507012603317,NCCB,21,49,100,456.0,45600.0
2015-07-01,201507012603571,NHPC,40,56,400,119.0,47600.0
2015-07-01,201507012603201,NIB,32,50,120,715.0,85800.0
2015-07-01,201507012603544,NIBPO,17,53,300,508.0,152400.0
2015-07-01,201507012603543,NIBPO,39,53,500,507.0,253500.0
2015-07-01,201507012603412,NIBPO,39,55,500,510.0,255000.0
2015-07-01,201507012603570,NICA,5,59,500,615.0,307500.0
2015-07-01,201507012603157,NICA,5,59,500,616.0,308000.0
2015-07-01,201507012603155,NICA,17,59,500,617.0,308500.0
2015-07-01,201507012603621,NICL,33,16,300,406.0,121800.0
2015-07-01,201507012603609,NICL,33,11,500,401.0,200500.0
2015-07-01,201507012603569,NICL,16,16,200,401.0,80200.0
2015-07-01,201507012603555,NICL,33,16,500,408.0,204000.0
2015-07-01,201507012603546,NICL,36,48,200,400.0,80000.0
2015-07-01,201507012603528,NICL,41,16,500,403.0,201500.0
2015-07-01,201507012603145,NICL,47,48,100,401.0,40100.0
2015-07-01,201507012603462,NICL,41,57,500,401.0,200500.0
2015-07-01,201507012603421,NICL,33,26,500,409.0,204500.0
2015-07-01,201507012603527,NICL,38,16,500,403.0,201500.0
2015-07-01,201507012603507,NICL,38,16,500,403.0,201500.0
2015-07-01,201507012603486,NICL,33,26,500,400.0,200000.0
2015-07-01,201507012603481,NICL,16,16,5000,395.0,1975000.0
2015-07-01,201507012603582,NIL,58,43,16,460.0,7360.0
2015-07-01,201507012603600,NLBBL,33,53,114,1190.0,135660.0
2015-07-01,201507012603608,NLG,38,17,74,577.0,42698.0
2015-07-01,201507012603420,NLG,36,1,15,581.0,8715.0
2015-07-01,201507012603385,NLG,36,14,110,581.0,63910.0
2015-07-01,201507012603383,NLG,39,5,56,582.0,32592.0
2015-07-01,201507012603382,NLG,39,19,30,582.0,17460.0
2015-07-01,201507012603381,NLG,39,1,15,581.0,8715.0
2015-07-01,201507012603640,NLIC,32,14,100,2902.0,290200.0
2015-07-01,201507012603553,NLIC,26,14,150,2900.0,435000.0
2015-07-01,201507012603552,NLIC,45,14,100,2904.0,290400.0
2015-07-01,201507012603551,NLIC,36,14,80,2905.0,232400.0
2015-07-01,201507012603550,NLIC,45,14,100,2906.0,290600.0
2015-07-01,201507012603549,NLIC,45,53,300,2915.0,874500.0
2015-07-01,201507012603224,NLIC,33,44,200,2913.0,582600.0
2015-07-01,201507012603193,NLIC,39,3,20,2925.0,58500.0
2015-07-01,201507012603151,NLIC,33,53,16,2914.0,46624.0
2015-07-01,201507012603400,NLIC,25,5,200,2910.0,582000.0
2015-07-01,201507012603389,NLIC,50,3,10,2920.0,29200.0
2015-07-01,201507012603371,NLIC,50,7,20,2920.0,58400.0
2015-07-01,201507012603302,NLIC,19,44,100,2920.0,292000.0
2015-07-01,201507012603255,NLIC,45,44,100,2924.0,292400.0
2015-07-01,201507012603227,NLIC,18,11,200,2913.0,582600.0
2015-07-01,201507012603525,NLIC,44,44,100,2919.0,291900.0
2015-07-01,201507012603512,NLIC,44,44,200,2914.0,582800.0
2015-07-01,201507012603431,NLIC,52,44,100,2905.0,290500.0
2015-07-01,201507012603429,NLIC,33,3,30,2914.0,87420.0
2015-07-01,201507012603418,NLIC,32,44,100,2910.0,291000.0
2015-07-01,201507012603405,NLIC,19,3,70,2915.0,204050.0
2015-07-01,201507012603447,NLICL,14,16,100,1910.0,191000.0
2015-07-01,201507012603327,NLICL,8,16,100,1895.0,189500.0
2015-07-01,201507012603326,NLICL,36,16,100,1900.0,190000.0
2015-07-01,201507012603177,NLICL,58,16,100,1911.0,191100.0
2015-07-01,201507012603176,NLICL,52,16,100,1915.0,191500.0
2015-07-01,201507012603175,NLICL,26,16,50,1920.0,96000.0
2015-07-01,201507012603174,NLICL,10,16,50,1920.0,96000.0
2015-07-01,201507012603161,NLICL,26,3,150,1920.0,288000.0
2015-07-01,201507012603156,NLICL,26,3,100,1925.0,192500.0
2015-07-01,201507012603436,NMBSF1,37,21,1100,9.85,10835.0
2015-07-01,201507012603530,NNFC,17,46,54,275.0,14850.0
2015-07-01,201507012603619,NTC,45,17,100,622.0,62200.0
2015-07-01,201507012603618,NTC,45,17,100,622.0,62200.0
2015-07-01,201507012603617,NTC,45,17,100,622.0,62200.0
2015-07-01,201507012603616,NTC,45,17,100,622.0,62200.0
2015-07-01,201507012603271,NTC,38,33,200,620.0,124000.0
2015-07-01,201507012603258,NTC,38,7,500,620.0,310000.0
2015-07-01,201507012603399,NTC,3,17,100,622.0,62200.0
2015-07-01,201507012603390,NTC,45,17,100,620.0,62000.0
2015-07-01,201507012603386,NTC,45,17,100,620.0,62000.0
2015-07-01,201507012603480,NTC,45,7,520,620.0,322400.0
2015-07-01,201507012603615,NTC,45,17,100,622.0,62200.0
2015-07-01,201507012603519,OHL,53,50,460,617.0,283820.0
2015-07-01,201507012603466,OHL,59,50,521,618.0,321978.0
2015-07-01,201507012603324,OHL,14,14,1200,617.0,740400.0
2015-07-01,201507012603308,OHL,59,25,70,622.0,43540.0
2015-07-01,201507012603575,PCBL,41,19,26,450.0,11700.0
2015-07-01,201507012603537,PCBL,25,34,138,449.0,61962.0
2015-07-01,201507012603503,PCBL,41,17,126,449.0,56574.0
2015-07-01,201507012603607,PIC,21,10,24,502.0,12048.0
2015-07-01,201507012603360,PIC,22,45,102,500.0,51000.0
2015-07-01,201507012603463,PICL,21,58,100,411.0,41100.0
2015-07-01,201507012603395,PICL,1,56,500,410.0,205000.0
2015-07-01,201507012603394,PICL,1,36,90,409.0,36810.0
2015-07-01,201507012603625,PLIC,18,45,17,1160.0,19720.0
2015-07-01,201507012603560,PLIC,41,47,70,1170.0,81900.0
2015-07-01,201507012603557,PLIC,41,50,27,1170.0,31590.0
2015-07-01,201507012603455,PLIC,59,16,140,1170.0,163800.0
2015-07-01,201507012603377,PLIC,11,51,443,1170.0,518310.0
2015-07-01,201507012603266,PLIC,32,44,300,1170.0,351000.0
2015-07-01,201507012603153,PLIC,48,16,100,1185.0,118500.0
2015-07-01,201507012603242,PLIC,32,16,100,1175.0,117500.0
2015-07-01,201507012603241,PLIC,22,16,90,1176.0,105840.0
2015-07-01,201507012603221,PLIC,21,49,27,1180.0,31860.0
2015-07-01,201507012603218,PLIC,45,49,94,1175.0,110450.0
2015-07-01,201507012603215,PLIC,38,49,94,1176.0,110544.0
2015-07-01,201507012603205,PLIC,17,49,13,1180.0,15340.0
2015-07-01,201507012603578,PRIN,21,56,100,416.0,41600.0
2015-07-01,201507012603531,PRIN,8,56,100,417.0,41700.0
2015-07-01,201507012603477,PRIN,8,56,100,417.0,41700.0
2015-07-01,201507012603469,PRIN,8,41,500,417.0,208500.0
2015-07-01,201507012603468,PRIN,34,54,200,410.0,82000.0
2015-07-01,201507012603459,PRIN,42,54,200,415.0,83000.0
2015-07-01,201507012603350,PRIN,47,41,500,413.0,206500.0
2015-07-01,201507012603329,PRIN,47,56,475,419.0,199025.0
2015-07-01,201507012603228,PRIN,21,41,500,416.0,208000.0
2015-07-01,201507012603147,PRIN,21,17,20,421.0,8420.0
2015-07-01,201507012603144,PRIN,21,52,165,420.0,69300.0
2015-07-01,201507012603291,PRVU,17,56,1000,323.0,323000.0
2015-07-01,201507012603290,PRVU,29,56,300,323.0,96900.0
2015-07-01,201507012603289,PRVU,46,56,200,324.0,64800.0
2015-07-01,201507012603285,PRVU,18,56,200,325.0,65000.0
2015-07-01,201507012603284,PRVU,16,56,200,325.0,65000.0
2015-07-01,201507012603280,PRVU,33,50,211,325.0,68575.0
2015-07-01,201507012603254,PRVU,33,14,287,326.0,93562.0
2015-07-01,201507012603165,RBCL,32,32,120,5199.0,623880.0
2015-07-01,201507012603567,RHPC,51,13,11,415.0,4565.0
2015-07-01,201507012603566,RHPC,51,13,11,415.0,4565.0
2015-07-01,201507012603565,RHPC,51,25,11,415.0,4565.0
2015-07-01,201507012603564,RHPC,51,25,11,415.0,4565.0
2015-07-01,201507012603563,RHPC,51,25,11,415.0,4565.0
2015-07-01,201507012603562,RHPC,51,25,11,415.0,4565.0
2015-07-01,201507012603561,RHPC,51,25,11,415.0,4565.0
2015-07-01,201507012603416,SANIMA,45,33,82,560.0,45920.0
2015-07-01,201507012603393,SANIMA,34,53,161,560.0,90160.0
2015-07-01,201507012603352,SANIMA,37,45,237,565.0,133905.0
2015-07-01,201507012603296,SANIMA,45,59,225,564.0,126900.0
2015-07-01,201507012603198,SANIMA,45,45,100,565.0,56500.0
2015-07-01,201507012603590,SBL,13,53,84,667.0,56028.0
2015-07-01,201507012603547,SBL,1,28,500,665.0,332500.0
2015-07-01,201507012603415,SBL,7,36,23,667.0,15341.0
2015-07-01,201507012603261,SBL,1,28,1000,665.0,665000.0
2015-07-01,201507012603556,SCB,17,3,100,1940.0,194000.0
2015-07-01,201507012603522,SEOS,37,40,5000,9.7,48500.0
2015-07-01,201507012603601,SETI,32,10,27,200.0,5400.0
2015-07-01,201507012603143,SEWA,49,50,106,274.0,29044.0
2015-07-01,201507012603246,SHBL,16,33,200,1190.0,238000.0
2015-07-01,201507012603496,SHPC,39,39,180,700.0,126000.0
2015-07-01,201507012603495,SHPC,39,39,291,700.0,203700.0
2015-07-01,201507012603369,SHPC,22,44,89,703.0,62567.0
2015-07-01,201507012603338,SHPC,5,32,15,705.0,10575.0
2015-07-01,201507012603257,SHPC,5,5,15,704.0,10560.0
2015-07-01,201507012603233,SHPC,5,5,15,704.0,10560.0
2015-07-01,201507012603613,SICL,17,38,100,690.0,69000.0
2015-07-01,201507012603593,SICL,17,35,200,690.0,138000.0
2015-07-01,201507012603252,SICL,17,25,250,690.0,172500.0
2015-07-01,201507012603185,SICL,17,59,250,690.0,172500.0
2015-07-01,201507012603596,SIGS1,8,33,14000,15.25,213500.0
2015-07-01,201507012603426,SIL,52,44,100,620.0,62000.0
2015-07-01,201507012603398,SIL,29,42,10,622.0,6220.0
2015-07-01,201507012603397,SIL,7,44,100,610.0,61000.0
2015-07-01,201507012603370,SIL,29,26,10,622.0,6220.0
2015-07-01,201507012603345,SIL,36,44,100,610.0,61000.0
2015-07-01,201507012603332,SIL,21,38,10,610.0,6100.0
2015-07-01,201507012603237,SIL,21,26,18,599.0,10782.0
2015-07-01,201507012603307,SLBBL,45,45,110,1600.0,176000.0
2015-07-01,201507012603264,SLBBL,45,6,100,1620.0,162000.0
2015-07-01,201507012603606,SLICL,39,39,34,677.0,23018.0
2015-07-01,201507012603604,SLICL,39,39,34,677.0,23018.0
2015-07-01,201507012603461,SLICL,25,17,116,675.0,78300.0
2015-07-01,201507012603440,SLICL,11,45,38,679.0,25802.0
2015-07-01,201507012603189,SLICL,14,42,200,682.0,136400.0
2015-07-01,201507012603182,SLICL,14,33,300,680.0,204000.0
2015-07-01,201507012603163,SLICL,42,45,42,681.0,28602.0
2015-07-01,201507012603158,SLICL,18,17,500,682.0,341000.0
2015-07-01,201507012603344,SLICL,45,53,99,680.0,67320.0
2015-07-01,201507012603282,SLICL,14,22,100,680.0,68000.0
2015-07-01,201507012603281,SLICL,14,17,100,680.0,68000.0
2015-07-01,201507012603213,SLICL,14,41,222,682.0,151404.0
2015-07-01,201507012603207,SLICL,42,26,330,680.0,224400.0
2015-07-01,201507012603508,SMFDB,58,29,169,1617.0,273273.0
2015-07-01,201507012603594,SRBL,56,34,170,412.0,70040.0
2015-07-01,201507012603585,SRBL,11,34,400,410.0,164000.0
2015-07-01,201507012603222,SRBL,17,35,116,410.0,47560.0
2015-07-01,201507012603638,SUPRME,13,11,21,159.0,3339.0
2015-07-01,201507012603628,SUPRME,13,11,21,159.0,3339.0
2015-07-01,201507012603529,SUPRME,32,11,21,156.0,3276.0
2015-07-01,201507012603357,SUPRME,26,4,11,153.0,1683.0
2015-07-01,201507012603347,SUPRME,41,4,21,153.0,3213.0
2015-07-01,201507012603336,SUPRME,19,4,11,154.0,1694.0
2015-07-01,201507012603235,SUPRME,26,37,200,156.0,31200.0
2015-07-01,201507012603231,SUPRME,19,4,11,158.0,1738.0
2015-07-01,201507012603171,SUPRME,32,59,53,155.0,8215.0
2015-07-01,201507012603587,UIC,21,49,300,417.0,125100.0
2015-07-01,201507012603586,UIC,7,49,40,420.0,16800.0
2015-07-01,201507012603510,UIC,7,16,60,420.0,25200.0
2015-07-01,201507012603293,UIC,25,16,20,422.0,8440.0
2015-07-01,201507012603634,WDBL,44,51,940,300.0,282000.0
2015-07-01,201507012603633,WDBL,44,28,100,300.0,30000.0
2015-07-01,201507012603631,WDBL,44,44,13,300.0,3900.0
2015-07-01,201507012603629,WDBL,44,44,13,300.0,3900.0
2015-07-01,201507012603535,WDBL,36,1,236,295.0,69620.0
2015-07-01,201507012603297,YETI,5,5,35,127.0,4445.0
2015-07-01,201507012603276,YETI,5,5,23,127.0,2921.0
